status pozyczki,kwota kredytu,wiek,plec,rodzaj zrodla dochodu,miesieczny dochod netto,ktore rolowanie,okres w jakim pobieral dochod,okres w jakim bedzie pobieral dochod,opoznienie splaty
splacona_cz,800.0,62,kobieta,13,3700.0,3,25,48,0
splacona_cz,300.0,63,kobieta,13,1100.0,0,103,48,0
splacona_cz,400.0,65,mężczyzna,16,1473.04,0,164,48,0
splacona_cz,350.0,78,mężczyzna,13,1519.0,0,253,48,0
splacona_cz,200.0,37,kobieta,12,599.03,2,18,18,2
splacona_cz,200.0,56,kobieta,98,980.0,2,9,48,0
splacona_cz,200.0,74,kobieta,13,1026.0,3,246,48,2
splacona_cz,218.32,61,kobieta,13,975.0,3,26,48,3
splacona_cz,393.99,59,mężczyzna,11,2947.0,3,52,48,0
splacona,694.0,38,kobieta,11,1900.0,3,207,48,12
splacona_cz,300.0,72,kobieta,13,2100.0,0,159,48,0
splacona_cz,800.0,35,mężczyzna,12,1500.0,0,32,35,4
splacona,300.0,66,mężczyzna,16,1151.0,0,360,48,0
splacona_cz,277.34,39,kobieta,11,1770.0,3,86,48,0
splacona_cz,700.0,61,kobieta,13,1977.0,1,54,48,3
splacona_cz,200.0,63,mężczyzna,13,1287.66,2,95,48,0
splacona_cz,300.0,46,kobieta,11,900.0,3,92,48,0
splacona_cz,300.0,73,mężczyzna,13,960.0,3,139,48,1
windykacja,300.0,27,mężczyzna,12,1800.0,0,34,48,4578
splacona,200.0,58,kobieta,13,1083.23,1,96,48,0
splacona_cz,800.0,55,kobieta,13,3440.0,3,50,48,1
splacona,427.09,43,mężczyzna,98,3178.0,3,200,48,11
splacona_cz,400.0,71,mężczyzna,13,1772.53,0,279,48,0
splacona_cz,200.0,68,kobieta,13,803.86,3,157,48,0
splacona_cz,300.0,60,kobieta,13,1026.0,3,54,48,23
splacona,297.69,63,kobieta,13,1014.0,1,182,48,11
splacona,400.0,63,mężczyzna,13,1193.65,2,8,48,0
splacona_cz,285.97,38,kobieta,98,1200.0,3,45,48,0
splacona_cz,328.32,50,kobieta,12,1000.0,3,31,34,0
splacona_cz,328.0,60,mężczyzna,12,1000.0,3,11,14,0
splacona_cz,200.0,54,kobieta,11,1400.0,3,116,48,0
windykacja,200.0,18,mężczyzna,12,1286.0,0,1,2,4578
splacona_cz,600.0,29,mężczyzna,12,1300.0,3,26,41,4
splacona_cz,300.0,54,mężczyzna,17,798.8,3,148,48,4
splacona_cz,300.0,63,kobieta,13,917.0,1,75,48,2
splacona,377.69,40,kobieta,11,1087.0,2,237,48,18
splacona_cz,500.0,38,mężczyzna,11,2470.0,0,65,48,3
splacona,200.0,63,mężczyzna,13,1538.0,3,100,48,8
splacona_cz,300.0,39,mężczyzna,11,1300.0,3,44,48,0
splacona_cz,200.0,60,kobieta,13,1635.0,3,119,48,1
splacona_cz,300.0,42,kobieta,99,2290.55,0,17,20,0
splacona,200.0,79,kobieta,13,1167.94,0,368,48,0
splacona_cz,400.0,63,kobieta,13,1233.0,2,122,48,0
splacona,500.0,64,mężczyzna,13,1530.0,0,34,48,0
splacona_cz,400.0,62,mężczyzna,16,1313.41,3,27,48,0
splacona,300.0,59,mężczyzna,13,3900.0,0,113,48,1
splacona,521.49,62,kobieta,13,1525.46,3,35,48,2
splacona_cz,200.0,62,mężczyzna,13,1162.0,3,220,48,0
windykacja,250.0,62,mężczyzna,99,685.0,3,4,4,4576
splacona_cz,500.0,70,kobieta,13,1200.0,3,118,48,1
splacona_cz,200.0,58,kobieta,16,634.0,2,50,48,0
splacona_cz,800.0,55,kobieta,16,2300.0,4,62,48,0
splacona_cz,300.0,39,kobieta,12,1027.0,3,8,48,3
splacona,262.81,61,kobieta,13,5100.0,3,27,48,0
splacona_cz,400.0,54,kobieta,11,2800.0,3,59,48,0
splacona_cz,500.0,45,kobieta,11,3000.0,3,92,48,3
splacona_cz,500.0,62,kobieta,13,714.0,4,221,48,1
splacona_cz,600.0,68,kobieta,13,2120.0,3,118,48,0
splacona_cz,400.0,65,kobieta,13,1013.74,3,112,48,0
splacona,200.0,61,kobieta,13,984.0,2,10,48,1
splacona,400.0,60,kobieta,13,1425.0,1,78,48,0
splacona_cz,200.0,67,kobieta,13,720.19,1,92,48,4
splacona_cz,281.29,55,kobieta,12,1350.0,3,21,24,1
splacona_cz,500.0,73,kobieta,13,951.0,3,161,48,4
splacona,300.0,31,mężczyzna,98,2000.0,0,13,48,0
splacona_cz,400.0,58,kobieta,11,1500.0,2,84,48,0
splacona,700.0,33,kobieta,11,2200.0,0,36,48,0
splacona_cz,200.0,73,kobieta,13,866.46,0,194,48,0
splacona,473.0,33,kobieta,11,1400.0,0,100,48,0
splacona,300.0,33,mężczyzna,11,2100.0,0,63,48,67
splacona,700.0,28,mężczyzna,12,1800.0,3,10,10,7
splacona_cz,300.0,55,kobieta,12,1009.34,2,28,48,0
splacona_cz,300.0,49,mężczyzna,12,1042.0,0,4,4,1
splacona_cz,200.0,66,kobieta,13,1428.55,3,136,48,4
splacona_cz,300.0,70,kobieta,13,1000.0,0,63,48,0
splacona_cz,400.0,40,kobieta,12,660.0,3,11,38,2
splacona_cz,200.0,75,kobieta,13,616.0,3,245,48,6
splacona_cz,496.83,31,kobieta,11,1600.0,3,13,48,4
splacona_cz,300.0,65,mężczyzna,13,1611.0,1,140,48,0
splacona_cz,367.31,61,kobieta,13,1684.0,3,19,48,3
splacona,200.0,58,kobieta,13,1500.0,3,45,48,3
splacona_cz,200.0,53,kobieta,16,1740.0,0,113,48,1
splacona_cz,400.0,47,kobieta,11,3170.0,3,284,48,0
splacona_cz,700.0,65,kobieta,13,930.0,4,130,48,0
splacona_cz,426.66,47,mężczyzna,12,1574.45,2,30,35,0
splacona_cz,500.0,72,kobieta,13,640.0,0,138,48,1
splacona_cz,400.0,62,kobieta,13,1474.55,2,64,48,0
splacona_cz,600.0,47,kobieta,12,830.46,2,44,48,4
splacona_cz,357.31,40,mężczyzna,11,1261.98,3,35,48,0
splacona_cz,265.58,62,kobieta,13,1189.0,3,69,48,0
splacona_cz,350.0,61,mężczyzna,16,837.0,2,230,48,0
splacona_cz,900.0,58,kobieta,17,684.0,3,189,48,0
splacona_cz,200.0,75,kobieta,13,965.0,3,244,48,1
splacona_cz,200.0,57,kobieta,16,703.0,3,25,48,8
splacona,200.0,19,mężczyzna,99,750.0,3,3,5,0
splacona_cz,600.0,54,kobieta,12,1675.0,3,8,11,0
splacona_cz,400.0,54,kobieta,16,1045.6,4,11,48,0
splacona_cz,400.0,66,kobieta,13,1137.19,3,95,48,0
splacona_cz,300.0,35,kobieta,12,1200.0,3,8,14,0
splacona_cz,200.0,46,kobieta,12,990.34,2,55,48,2
splacona_cz,327.0,52,kobieta,11,2065.98,3,178,48,1
splacona,400.0,38,kobieta,11,800.51,0,19,48,11
splacona_cz,400.0,57,kobieta,13,1817.24,2,17,48,1
splacona_cz,300.0,77,kobieta,13,1239.0,3,269,48,0
splacona_cz,300.0,25,mężczyzna,12,1400.0,2,11,32,1
splacona,200.0,57,mężczyzna,16,763.38,3,210,48,46
splacona_cz,300.0,61,kobieta,13,997.0,3,78,48,2
splacona,515.96,58,kobieta,13,1801.41,0,37,48,9
windykacja,241.15,54,mężczyzna,12,1030.0,3,8,24,4571
splacona_cz,300.0,33,mężczyzna,11,1800.0,3,164,48,1
splacona,300.0,23,mężczyzna,11,1400.0,0,24,48,0
splacona,300.0,45,mężczyzna,11,2100.0,2,49,48,11
splacona_cz,500.0,60,kobieta,13,1212.0,3,53,48,1
splacona,700.0,75,mężczyzna,13,2098.0,3,196,48,211
splacona_cz,400.0,47,mężczyzna,12,600.0,4,8,27,0
splacona,200.0,49,mężczyzna,11,1400.0,3,13,48,0
splacona_cz,662.81,52,mężczyzna,11,3200.0,3,188,48,0
splacona_cz,500.0,60,kobieta,13,1000.0,3,67,48,0
splacona_cz,200.0,72,kobieta,13,730.0,2,560,48,1
splacona_cz,200.0,65,kobieta,13,802.83,3,200,48,0
splacona,369.53,72,kobieta,13,3541.9,1,126,48,24
splacona_cz,600.0,32,kobieta,11,1290.0,3,18,48,2
splacona_cz,300.0,60,mężczyzna,11,3000.0,4,211,48,2
splacona,400.0,43,mężczyzna,11,2284.23,1,299,48,2
splacona_cz,200.0,69,kobieta,16,959.6,3,114,48,0
splacona_cz,300.0,57,kobieta,11,1680.0,3,384,48,2
splacona,500.0,61,mężczyzna,11,1250.0,0,64,48,16
splacona_cz,800.0,60,mężczyzna,11,1000.0,3,62,48,3
splacona_cz,600.0,47,kobieta,11,1700.0,3,88,48,6
splacona_cz,409.15,65,kobieta,16,892.0,2,200,48,0
splacona_cz,294.37,52,kobieta,12,1050.0,2,33,36,0
splacona_cz,300.0,62,kobieta,13,1130.0,3,102,48,0
splacona_cz,300.4,56,kobieta,11,1172.2,3,36,48,0
splacona,600.0,41,kobieta,98,5000.0,2,83,48,5
splacona_cz,300.0,54,mężczyzna,11,1700.0,3,38,48,1
splacona_cz,300.0,57,kobieta,13,611.0,2,138,48,1
splacona_cz,500.0,53,mężczyzna,11,1320.0,3,341,48,0
splacona_cz,426.61,49,kobieta,11,2470.0,4,353,48,0
splacona_cz,200.0,57,mężczyzna,13,12220.0,2,70,48,4
splacona_cz,400.0,53,mężczyzna,11,4000.0,4,9,48,0
splacona_cz,300.0,64,kobieta,16,1132.0,0,96,48,1
splacona_cz,200.0,20,mężczyzna,17,985.0,4,12,13,0
splacona,717.02,64,mężczyzna,13,2010.0,2,137,48,0
splacona_cz,600.0,49,kobieta,11,2800.0,3,318,48,1
splacona_cz,500.0,70,kobieta,13,729.03,4,256,48,0
windykacja,250.0,40,mężczyzna,12,700.0,3,8,23,4568
splacona_cz,200.0,29,mężczyzna,99,1393.85,2,4,4,6
splacona_cz,789.27,63,kobieta,13,860.0,0,79,48,1
splacona_cz,300.0,46,mężczyzna,13,1688.82,2,98,48,7
splacona,200.0,52,kobieta,11,1617.68,2,84,48,215
splacona,300.0,35,mężczyzna,11,1058.0,0,13,48,0
splacona_cz,500.0,72,mężczyzna,13,1700.0,3,13,48,3
splacona_cz,454.0,38,kobieta,11,2927.0,2,200,48,0
splacona,500.0,35,mężczyzna,11,2200.0,0,84,48,12
splacona_cz,300.0,26,mężczyzna,11,1459.0,1,8,48,6
splacona_cz,500.0,60,kobieta,13,936.0,1,30,48,0
splacona_cz,400.0,61,kobieta,13,1090.14,3,74,48,2
splacona,200.0,67,mężczyzna,16,1600.0,2,11,48,0
splacona_cz,200.0,74,kobieta,13,1026.0,4,246,48,0
splacona,416.61,52,mężczyzna,11,2011.0,0,210,48,13
splacona_cz,600.0,55,mężczyzna,16,588.0,0,421,48,2
splacona_cz,300.0,58,kobieta,13,1240.0,0,69,48,2
splacona_cz,400.0,61,kobieta,13,1170.0,2,77,48,0
splacona_cz,300.0,48,kobieta,11,1077.49,3,371,48,2
splacona_cz,200.0,26,kobieta,12,1100.0,0,14,17,4
splacona,200.0,52,kobieta,16,685.0,0,40,48,0
splacona_cz,300.0,49,mężczyzna,13,3900.0,4,29,48,0
splacona_cz,300.0,65,kobieta,13,1350.0,2,110,48,0
splacona_cz,387.31,44,mężczyzna,12,1952.35,3,3,11,0
splacona,200.0,53,mężczyzna,11,1300.0,0,451,48,0
splacona_cz,400.0,56,mężczyzna,11,1842.86,2,7,48,0
splacona,250.0,58,kobieta,16,1589.0,0,26,48,0
splacona,275.97,41,kobieta,11,1000.0,3,60,48,14
splacona_cz,200.0,24,mężczyzna,12,1000.0,4,11,25,0
splacona_cz,600.0,65,mężczyzna,13,1217.0,0,50,48,0
splacona,200.0,51,mężczyzna,12,1030.0,0,8,48,3
splacona_cz,200.0,68,kobieta,13,1134.96,0,160,48,0
splacona_cz,200.0,63,kobieta,16,1389.0,3,90,48,0
splacona_cz,300.0,45,mężczyzna,12,1375.47,1,6,8,0
splacona_cz,500.0,63,kobieta,13,2051.0,0,137,48,0
splacona_cz,378.91,70,kobieta,13,1291.18,4,78,48,0
splacona_cz,500.0,62,kobieta,13,1691.3,0,72,48,3
windykacja,350.0,53,kobieta,17,1031.0,2,50,48,4564
splacona,586.65,57,kobieta,11,1680.0,4,69,48,2
splacona_cz,200.0,73,mężczyzna,13,910.33,3,162,48,7
splacona_cz,800.0,57,mężczyzna,12,2500.0,2,4,5,0
splacona_cz,200.0,55,kobieta,11,1077.0,0,182,48,0
splacona_cz,238.78,53,kobieta,11,1700.0,4,204,48,0
splacona_cz,200.0,30,kobieta,11,1373.34,1,57,48,1
windykacja,662.69,30,mężczyzna,11,2837.0,0,125,48,4564
splacona_cz,400.0,54,kobieta,12,1700.0,4,54,48,0
splacona_cz,300.0,77,kobieta,13,1300.0,0,192,48,0
splacona,300.0,57,mężczyzna,11,1800.0,0,160,48,0
splacona_cz,400.0,66,kobieta,13,850.0,3,66,48,2
splacona_cz,200.0,25,kobieta,17,1200.0,4,164,48,0
splacona_cz,350.0,64,mężczyzna,13,1601.87,0,44,48,6
splacona_cz,500.0,51,kobieta,11,1700.0,3,305,48,0
splacona,300.0,43,kobieta,11,1400.0,4,24,48,2
splacona_cz,200.0,66,kobieta,13,910.0,4,69,48,0
splacona_cz,200.0,53,mężczyzna,11,2094.17,0,240,48,0
splacona_cz,300.0,50,mężczyzna,12,1000.0,1,42,48,1
splacona,200.0,62,kobieta,13,1200.29,1,21,48,0
splacona_cz,400.0,61,kobieta,13,1280.0,4,16,48,2
splacona_cz,300.0,42,kobieta,11,1286.16,0,116,48,0
splacona_cz,200.0,66,kobieta,13,1216.0,4,140,48,0
splacona_cz,500.0,56,mężczyzna,13,1900.0,4,149,48,5
splacona,200.0,42,mężczyzna,11,2200.0,0,42,48,0
splacona_cz,500.0,58,mężczyzna,16,1770.0,4,88,48,0
splacona_cz,200.0,71,kobieta,13,722.05,3,196,48,0
splacona,200.0,70,kobieta,16,1235.0,0,32,48,0
splacona_cz,385.97,54,kobieta,11,1721.7,4,119,48,0
splacona_cz,400.0,51,mężczyzna,11,1800.0,0,258,48,0
splacona_cz,400.0,44,mężczyzna,12,1963.88,3,5,5,0
splacona,400.0,36,mężczyzna,11,3898.0,0,180,48,0
splacona,300.0,72,mężczyzna,13,1870.0,0,84,48,0
splacona_cz,300.0,78,kobieta,13,1239.98,1,254,48,0
splacona_cz,200.0,53,kobieta,12,984.34,3,17,20,4
splacona_cz,500.0,29,kobieta,12,1447.0,4,21,24,1
splacona_cz,300.0,60,kobieta,13,810.0,4,32,48,3
splacona_cz,400.0,56,kobieta,11,1730.13,2,192,48,3
splacona_cz,322.07,35,kobieta,11,2709.34,4,180,48,0
splacona_cz,400.0,35,kobieta,11,2899.34,0,120,48,0
splacona,227.08,60,kobieta,11,1906.42,2,211,48,7
windykacja_sp,561.15,69,kobieta,13,1072.0,4,152,48,292
windykacja_sp,500.0,59,kobieta,13,1400.0,0,53,48,385
splacona_cz,600.0,61,kobieta,13,1050.0,4,138,48,0
splacona,600.0,30,mężczyzna,11,2700.0,4,63,48,0
splacona_cz,200.0,27,mężczyzna,17,728.0,4,99,48,3
splacona_cz,300.0,22,kobieta,12,1634.0,2,11,12,3
windykacja,500.0,22,mężczyzna,17,1896.0,0,33,33,4559
windykacja,300.0,23,mężczyzna,12,1029.0,0,3,11,4559
splacona_cz,200.0,46,mężczyzna,11,1566.82,0,348,48,0
splacona,800.0,61,kobieta,13,1820.0,4,68,48,0
splacona_cz,200.0,70,kobieta,13,907.0,2,233,48,2
splacona,200.0,26,mężczyzna,12,1100.0,1,32,48,9
splacona_cz,400.0,39,kobieta,11,1239.05,1,203,48,6
splacona_cz,200.0,31,kobieta,12,1865.0,1,19,21,5
splacona_cz,400.0,52,kobieta,98,3000.0,0,84,48,2
splacona_cz,500.0,35,kobieta,11,2400.0,3,112,48,4
windykacja_sp,300.0,28,kobieta,11,901.0,3,39,48,387
splacona_cz,300.0,66,mężczyzna,13,2110.0,4,100,48,1
windykacja,400.0,64,kobieta,13,1015.0,4,108,48,4557
splacona_cz,400.0,54,kobieta,11,2368.57,2,409,48,0
splacona_cz,300.0,40,kobieta,11,2505.0,0,163,48,0
splacona_cz,200.0,56,kobieta,17,1100.0,2,26,33,0
splacona,255.49,55,kobieta,16,1072.89,4,121,48,0
splacona_cz,200.0,53,kobieta,99,1100.0,1,51,48,1
splacona,600.0,59,kobieta,13,1400.0,0,245,48,1
splacona_cz,200.0,52,kobieta,99,598.0,0,2,6,0
splacona,200.0,75,kobieta,13,1000.0,0,210,48,0
splacona_cz,200.0,72,kobieta,13,785.0,0,63,48,0
splacona_cz,400.0,75,kobieta,13,1900.0,0,120,48,0
splacona,500.0,37,kobieta,11,2700.0,4,120,48,0
splacona,500.0,32,kobieta,11,3100.0,4,120,48,0
splacona_cz,500.0,49,kobieta,11,1800.0,4,52,48,1
splacona_cz,200.0,47,kobieta,11,1493.98,3,360,48,0
splacona_cz,200.0,51,kobieta,11,932.34,4,394,48,0
splacona_cz,600.0,43,kobieta,11,1443.0,4,33,48,0
splacona_cz,300.0,26,kobieta,12,1300.0,3,7,12,2
splacona_cz,300.0,22,kobieta,12,1500.0,3,3,4,2
splacona_cz,492.01,35,kobieta,98,4000.0,4,18,48,10
splacona,400.0,53,kobieta,16,1362.0,4,28,48,0
splacona_cz,300.0,58,kobieta,13,1244.77,4,38,48,4
splacona_cz,700.0,58,kobieta,13,1872.0,4,34,48,2
splacona,200.0,63,kobieta,16,1340.0,0,160,48,0
splacona,300.0,67,mężczyzna,13,1573.0,0,88,48,1
splacona,200.0,47,kobieta,98,2200.0,4,24,48,0
splacona,300.0,30,mężczyzna,12,1637.0,0,51,48,0
splacona_cz,395.77,63,kobieta,13,1668.0,4,90,48,0
splacona,201.4,60,kobieta,13,1107.0,2,14,48,9
splacona,200.0,39,kobieta,12,1048.27,0,2,19,13
splacona_cz,300.0,61,kobieta,13,2282.0,0,24,48,0
windykacja_sp,417.0,27,kobieta,11,1500.0,0,23,48,133
splacona_cz,300.0,57,kobieta,16,634.64,3,135,48,0
splacona_cz,500.0,24,mężczyzna,11,2327.94,0,34,48,0
splacona,575.74,32,mężczyzna,11,2050.0,4,117,48,10
splacona_cz,300.0,46,kobieta,98,911.0,4,97,48,1
splacona_cz,200.0,61,kobieta,13,992.96,0,11,48,0
splacona_cz,300.0,30,mężczyzna,11,1000.0,4,56,48,1
splacona_cz,200.0,70,kobieta,13,865.0,4,127,48,0
splacona_cz,300.0,54,mężczyzna,11,2100.0,1,37,48,2
splacona_cz,300.0,49,kobieta,11,992.84,4,120,48,0
splacona_cz,200.0,57,kobieta,99,780.0,0,0,3,0
splacona_cz,500.0,60,mężczyzna,11,2100.0,3,186,48,0
splacona,600.0,59,kobieta,13,1370.0,3,75,48,0
splacona_cz,371.45,61,mężczyzna,13,1500.0,4,22,48,1
splacona_cz,200.0,31,kobieta,12,980.0,4,9,10,4
splacona,600.0,54,kobieta,11,1300.0,1,67,48,19
splacona,500.0,36,kobieta,11,1700.0,3,196,48,69
splacona_cz,500.0,61,kobieta,13,1310.0,0,77,48,5
splacona_cz,200.0,50,mężczyzna,16,1045.0,3,198,48,3
splacona_cz,600.0,33,kobieta,12,1540.0,1,38,39,5
splacona_cz,200.0,57,kobieta,11,983.97,2,77,48,5
splacona_cz,300.0,46,kobieta,12,1038.68,0,20,26,0
splacona_cz,295.24,46,kobieta,12,1032.0,4,37,40,4
splacona_cz,300.0,44,mężczyzna,11,3300.0,0,236,48,0
splacona,400.0,67,kobieta,13,815.0,1,143,48,0
splacona,246.99,52,kobieta,11,1400.0,4,160,48,0
splacona_cz,200.0,30,mężczyzna,12,1521.0,0,19,30,0
splacona_cz,400.0,34,kobieta,11,980.11,1,44,48,6
splacona,300.0,26,mężczyzna,12,1800.0,0,53,48,0
splacona_cz,500.0,50,kobieta,17,990.0,0,71,48,0
splacona,400.0,64,mężczyzna,11,2600.0,0,134,48,0
splacona_cz,200.0,55,mężczyzna,11,1460.17,1,60,48,11
splacona,450.0,68,mężczyzna,13,2000.0,4,44,48,12
windykacja_sp,500.0,66,mężczyzna,16,1151.0,0,360,48,311
splacona_cz,400.0,65,mężczyzna,16,1473.04,1,164,48,0
splacona,500.0,58,kobieta,13,720.0,1,231,48,101
splacona_cz,200.0,53,kobieta,16,749.28,4,64,48,0
splacona_cz,300.0,70,mężczyzna,13,1420.0,0,52,48,4
splacona_cz,895.59,47,mężczyzna,11,2500.0,0,203,48,4
splacona_cz,300.0,52,kobieta,11,1400.0,0,160,48,0
splacona_cz,500.0,62,kobieta,13,962.0,0,64,48,3
splacona_cz,300.0,71,mężczyzna,13,1426.0,4,76,48,0
splacona_cz,300.0,63,kobieta,13,1100.0,1,104,48,0
splacona_cz,200.0,48,kobieta,11,967.64,3,318,48,0
splacona_cz,700.0,62,kobieta,13,3700.0,4,26,48,0
splacona_cz,300.0,71,mężczyzna,13,1772.53,1,279,48,4
splacona,300.0,70,kobieta,13,1016.0,0,188,48,0
windykacja,348.19,59,mężczyzna,11,2947.0,4,52,48,4550
splacona_cz,407.31,68,kobieta,16,980.0,4,130,48,9
splacona_cz,500.0,61,kobieta,13,1362.0,4,55,48,14
splacona,300.0,72,kobieta,13,2100.0,1,159,48,282
splacona,500.0,62,kobieta,13,1900.0,4,87,48,0
splacona_cz,328.0,60,mężczyzna,12,1000.0,4,11,14,0
splacona_cz,328.32,50,kobieta,12,1000.0,4,31,34,0
splacona,277.34,39,kobieta,11,1770.0,4,86,48,2
windykacja_sp,500.0,57,kobieta,11,2249.14,0,240,48,155
splacona,350.0,78,mężczyzna,13,1519.0,1,254,48,0
splacona_cz,500.0,53,mężczyzna,11,2080.0,0,318,48,0
splacona,200.0,49,kobieta,17,1079.0,0,29,38,0
splacona_cz,200.0,56,kobieta,98,980.0,3,10,48,0
splacona,400.0,50,kobieta,11,1577.42,1,205,48,23
splacona_cz,700.0,61,kobieta,13,2066.0,4,129,48,2
windykacja,800.0,56,kobieta,13,580.0,4,119,48,4550
splacona_cz,600.0,51,kobieta,11,3200.0,4,54,48,0
splacona_cz,300.0,45,mężczyzna,12,670.0,4,9,11,0
splacona_cz,200.0,54,kobieta,11,1400.0,4,117,48,2
splacona_cz,200.0,39,mężczyzna,11,1300.0,4,45,48,0
splacona_cz,284.19,38,kobieta,98,1200.0,4,46,48,2
splacona_cz,300.0,46,kobieta,11,900.0,4,93,48,1
splacona_cz,200.0,58,kobieta,16,634.0,3,51,48,0
splacona_cz,200.0,74,kobieta,13,1026.0,4,247,48,1
splacona_cz,296.0,59,kobieta,13,1658.0,4,29,48,0
splacona_cz,200.0,68,kobieta,13,803.86,4,158,48,1
splacona_cz,250.0,42,kobieta,99,2290.55,1,18,20,0
splacona_cz,300.0,71,mężczyzna,13,562.0,0,81,48,1
splacona_cz,200.0,63,mężczyzna,13,1287.66,3,96,48,0
splacona,400.0,53,kobieta,11,1300.0,0,34,48,265
splacona_cz,300.0,46,mężczyzna,11,1360.0,0,120,48,0
splacona_cz,200.0,65,kobieta,13,670.0,0,66,48,0
splacona_cz,799.85,33,kobieta,11,2050.0,0,29,48,7
splacona_cz,400.0,60,kobieta,16,1411.0,1,66,48,2
splacona_cz,200.0,37,kobieta,12,599.03,3,19,21,0
splacona_cz,300.0,63,kobieta,13,1233.0,3,123,48,0
splacona_cz,800.0,55,kobieta,13,3440.0,4,51,48,0
splacona,200.0,71,kobieta,13,1185.33,4,224,48,1
splacona_cz,659.87,65,mężczyzna,13,3040.0,0,201,48,1
splacona_cz,400.0,60,kobieta,13,1500.0,0,60,48,0
splacona_cz,200.0,31,kobieta,12,1032.34,4,5,11,7
splacona_cz,200.0,60,kobieta,13,1635.0,4,120,48,1
splacona_cz,218.32,61,kobieta,13,975.0,4,27,48,7
splacona,900.0,33,kobieta,11,2200.0,0,37,48,0
splacona_cz,700.0,61,kobieta,13,1977.0,2,55,48,0
splacona_cz,315.49,73,mężczyzna,13,960.0,4,140,48,6
splacona_cz,200.0,62,mężczyzna,13,1162.0,4,221,48,1
splacona_cz,700.0,55,kobieta,16,2300.0,5,63,48,0
splacona_cz,800.0,35,mężczyzna,12,1500.0,1,33,35,10
splacona,375.81,29,mężczyzna,11,1888.27,0,77,48,10
splacona_cz,300.0,63,kobieta,13,917.0,2,76,48,0
splacona_cz,216.24,45,kobieta,11,1344.9,3,46,48,0
splacona_cz,400.0,62,mężczyzna,16,1313.41,4,28,48,4
splacona_cz,200.0,73,kobieta,13,866.46,1,195,48,0
splacona_cz,400.0,54,kobieta,11,2800.0,4,60,48,1
splacona_cz,495.15,38,mężczyzna,11,2470.0,1,66,48,2
splacona,600.0,46,mężczyzna,11,2000.0,0,51,48,0
splacona,350.0,61,mężczyzna,13,1503.0,0,166,48,12
splacona_cz,235.97,65,mężczyzna,12,1100.0,4,22,36,5
splacona,600.0,68,kobieta,13,2120.0,4,119,48,0
splacona_cz,500.0,70,kobieta,13,1200.0,4,119,48,9
splacona_cz,460.0,65,kobieta,13,1013.74,4,113,48,2
splacona_cz,400.0,58,kobieta,11,1500.0,3,85,48,3
splacona_cz,350.0,56,kobieta,17,547.89,1,56,48,4
splacona_cz,300.0,66,kobieta,13,1031.0,0,121,48,0
splacona_cz,700.0,65,kobieta,13,930.0,5,131,48,3
splacona,600.0,51,mężczyzna,12,2673.17,4,112,48,3
splacona_cz,670.0,63,kobieta,13,930.0,1,94,48,3
splacona_cz,400.0,62,kobieta,13,714.0,5,222,48,0
splacona_cz,400.0,64,kobieta,13,840.0,2,113,48,0
splacona_cz,423.23,31,mężczyzna,11,2700.0,4,15,48,2
splacona_cz,200.0,55,kobieta,12,1350.0,4,22,24,3
windykacja,300.0,55,kobieta,12,1009.34,3,29,48,4543
splacona,200.0,65,mężczyzna,13,1611.0,2,141,48,0
splacona_cz,500.0,49,kobieta,11,2500.0,0,233,48,0
windykacja_sp,600.0,29,mężczyzna,12,1300.0,4,27,41,315
windykacja,300.0,54,mężczyzna,17,798.8,4,149,48,4543
splacona_cz,300.0,70,kobieta,13,1000.0,1,64,48,0
windykacja_sp,300.0,49,mężczyzna,12,1042.0,1,5,11,351
splacona_cz,300.0,39,kobieta,12,1027.0,4,9,48,3
splacona,250.0,45,kobieta,11,3000.0,4,93,48,3
splacona_cz,300.0,35,kobieta,12,1200.0,4,9,14,5
splacona_cz,400.0,66,kobieta,13,1137.19,4,96,48,5
splacona_cz,300.0,68,kobieta,13,1027.0,0,192,48,0
splacona,200.0,65,kobieta,13,802.83,4,201,48,1
splacona,400.0,77,kobieta,13,1239.0,4,270,48,5
splacona_cz,200.0,67,kobieta,13,720.19,2,93,48,1
splacona,500.0,61,mężczyzna,11,2250.05,2,176,48,380
splacona_cz,400.0,47,mężczyzna,12,600.0,5,9,27,1
splacona_cz,300.0,44,mężczyzna,11,3300.0,1,237,48,0
splacona,300.0,75,mężczyzna,13,1150.0,0,138,48,16
splacona_cz,265.58,62,kobieta,13,1189.0,4,70,48,1
splacona_cz,417.8,47,mężczyzna,12,1574.45,3,31,35,0
splacona_cz,500.0,53,mężczyzna,11,1320.0,4,342,48,1
splacona,400.0,47,kobieta,11,3170.0,4,285,48,189
splacona_cz,357.31,40,mężczyzna,11,1261.98,4,36,48,5
splacona_cz,350.0,61,mężczyzna,16,837.0,3,231,48,0
splacona_cz,900.0,58,kobieta,17,684.0,4,190,48,0
splacona_cz,606.35,52,mężczyzna,11,3200.0,4,189,48,0
splacona_cz,400.0,62,kobieta,13,1474.55,3,65,48,1
splacona_cz,500.0,73,kobieta,13,951.0,4,162,48,5
splacona_cz,400.0,40,kobieta,12,660.0,4,12,38,5
splacona_cz,400.0,54,kobieta,16,1045.6,5,12,48,1
splacona_cz,600.0,54,kobieta,12,1675.0,4,9,11,0
splacona_cz,200.0,63,kobieta,16,1600.0,0,24,48,0
splacona_cz,300.0,33,mężczyzna,11,1800.0,4,165,48,0
splacona,300.0,25,mężczyzna,12,1400.0,3,12,32,15
splacona_cz,400.0,57,kobieta,13,1817.24,3,18,48,0
splacona_cz,200.0,53,kobieta,16,1740.0,1,114,48,0
splacona_cz,500.0,72,kobieta,13,640.0,1,139,48,4
splacona_cz,200.0,75,kobieta,13,965.0,4,245,48,13
splacona_cz,600.0,39,kobieta,11,1800.0,0,52,48,12
splacona_cz,500.0,60,kobieta,13,1212.0,4,54,48,0
splacona_cz,367.31,61,kobieta,13,1684.0,4,20,48,8
splacona,407.1,64,mężczyzna,13,2010.0,0,138,48,0
splacona,327.0,52,kobieta,11,2065.98,4,179,48,19
splacona_cz,500.0,60,kobieta,13,1000.0,4,68,48,4
splacona_cz,449.33,38,kobieta,11,2927.0,3,201,48,2
splacona,200.0,23,mężczyzna,11,1400.0,0,25,48,0
splacona,496.83,31,kobieta,11,1600.0,4,14,48,48
splacona_cz,200.0,69,kobieta,16,959.6,4,115,48,0
splacona_cz,400.0,61,kobieta,13,1170.0,3,78,48,0
splacona_cz,200.0,56,kobieta,11,1172.2,4,37,48,2
splacona,321.21,65,kobieta,16,892.0,3,201,48,0
splacona_cz,250.0,54,kobieta,17,864.6,0,2,7,2
splacona_cz,300.0,62,kobieta,13,1130.0,4,103,48,3
splacona,200.0,46,kobieta,12,990.34,3,56,48,3
splacona_cz,286.94,52,kobieta,12,1050.0,3,34,36,2
splacona_cz,300.0,61,kobieta,13,997.0,4,79,48,0
splacona,200.0,66,kobieta,13,1428.55,4,137,48,4
splacona_cz,693.7,38,kobieta,11,1900.0,0,208,48,0
splacona_cz,300.0,77,kobieta,13,1300.0,1,193,48,0
splacona_cz,200.0,72,kobieta,13,730.0,3,561,48,3
splacona,600.0,65,mężczyzna,13,1217.0,1,51,48,0
splacona_cz,426.61,49,kobieta,11,2470.0,5,354,48,2
splacona,200.0,52,kobieta,99,598.0,1,3,6,3
splacona_cz,300.0,54,mężczyzna,11,1700.0,4,39,48,4
splacona_cz,400.0,58,kobieta,16,1589.0,0,27,48,3
splacona,500.0,57,kobieta,13,1530.0,0,25,48,0
splacona_cz,400.0,53,mężczyzna,11,4000.0,5,10,48,3
splacona_cz,200.0,20,mężczyzna,17,985.0,5,13,17,4
splacona_cz,500.0,70,kobieta,13,729.03,5,257,48,0
splacona_cz,300.0,57,kobieta,13,611.0,3,139,48,1
splacona_cz,300.0,60,mężczyzna,11,3000.0,5,212,48,3
splacona_cz,600.0,32,kobieta,11,1290.0,4,19,48,0
splacona,297.69,63,kobieta,13,1014.0,0,183,48,9
splacona_cz,600.0,47,kobieta,12,830.46,3,45,48,4
splacona_cz,300.0,64,kobieta,16,1132.0,1,97,48,0
splacona_cz,200.0,75,kobieta,13,616.0,4,246,48,0
splacona_cz,300.0,21,mężczyzna,12,952.89,0,23,26,0
splacona_cz,300.0,49,mężczyzna,13,3900.0,5,30,48,0
splacona_cz,300.0,65,kobieta,13,1350.0,3,111,48,0
splacona,200.0,31,mężczyzna,98,2000.0,0,14,48,0
splacona_cz,500.0,60,kobieta,13,936.0,2,31,48,0
splacona,388.45,43,mężczyzna,98,3178.0,0,201,48,11
splacona,371.01,44,mężczyzna,12,1952.35,4,4,11,0
splacona_cz,300.0,57,kobieta,11,1680.0,4,385,48,2
splacona_cz,600.0,49,kobieta,11,2800.0,4,319,48,0
splacona,783.61,63,kobieta,13,860.0,1,80,48,9
splacona,800.0,60,mężczyzna,11,1000.0,4,63,48,0
splacona_cz,400.0,56,mężczyzna,11,1842.86,3,8,48,1
splacona_cz,300.0,65,kobieta,13,1210.0,0,138,48,2
splacona,500.0,63,kobieta,13,2051.0,1,138,48,0
splacona_cz,200.0,24,mężczyzna,12,1000.0,5,12,25,1
splacona_cz,200.0,74,kobieta,13,1026.0,5,247,48,1
splacona_cz,250.0,51,kobieta,11,1700.0,4,306,48,5
splacona_cz,600.0,41,kobieta,98,5000.0,0,84,48,1
splacona,200.0,55,kobieta,11,1077.0,1,183,48,0
splacona,300.0,45,mężczyzna,12,1375.47,2,7,8,0
splacona_cz,600.0,55,mężczyzna,16,588.0,1,422,48,8
splacona_cz,200.0,52,kobieta,16,685.0,0,41,48,0
splacona_cz,300.0,58,kobieta,13,1240.0,1,70,48,0
splacona_cz,400.0,61,kobieta,13,1090.14,4,75,48,0
splacona,300.0,48,kobieta,11,1077.49,4,372,48,9
splacona_cz,200.0,57,mężczyzna,13,12220.0,3,71,48,3
splacona_cz,200.0,68,kobieta,13,1134.96,1,161,48,1
splacona_cz,300.0,42,kobieta,11,1286.16,1,117,48,0
splacona,200.0,63,kobieta,16,1389.0,4,91,48,0
splacona_cz,800.0,57,mężczyzna,12,2500.0,3,5,10,0
splacona_cz,378.91,70,kobieta,13,1291.18,5,79,48,0
splacona_cz,200.0,25,kobieta,17,1200.0,5,165,48,5
splacona_cz,400.0,54,kobieta,12,1700.0,5,55,48,0
splacona,200.0,53,kobieta,11,1700.0,5,205,48,2
splacona_cz,400.0,30,mężczyzna,11,2700.0,0,64,48,5
splacona_cz,500.0,72,mężczyzna,13,1700.0,4,14,48,0
splacona_cz,600.0,47,kobieta,11,1700.0,4,89,48,6
splacona_cz,300.0,71,mężczyzna,13,1295.37,0,307,48,0
splacona,300.0,49,mężczyzna,11,1400.0,0,14,48,9
splacona,300.0,53,mężczyzna,11,1300.0,0,452,48,0
splacona,200.0,30,kobieta,11,1373.34,2,58,48,270
splacona,200.0,57,kobieta,16,703.0,4,26,48,0
splacona_cz,200.0,66,kobieta,13,910.0,5,70,48,0
splacona_cz,200.0,26,kobieta,12,1100.0,1,15,17,4
windykacja_sp,700.0,37,mężczyzna,12,3000.0,0,8,10,20
splacona_cz,200.0,53,mężczyzna,11,2094.17,1,241,48,0
splacona,300.0,35,kobieta,11,2899.34,1,121,48,0
splacona_cz,200.0,71,kobieta,13,722.05,4,197,48,0
splacona_cz,515.96,58,kobieta,13,1801.41,0,38,48,6
splacona_cz,400.0,72,mężczyzna,13,1870.0,0,85,48,0
splacona_cz,500.0,58,mężczyzna,16,1770.0,5,89,48,0
windykacja,200.0,41,kobieta,11,1037.34,0,62,48,4532
windykacja_sp,397.31,60,kobieta,13,1149.06,0,161,48,263
splacona_cz,400.0,66,kobieta,13,850.0,4,67,48,3
splacona_cz,200.0,29,mężczyzna,99,1393.85,3,5,5,4
splacona,300.0,21,mężczyzna,12,1500.0,0,6,8,0
splacona,200.0,66,kobieta,13,1216.0,5,141,48,75
splacona,300.0,48,kobieta,98,1357.0,0,1,48,0
splacona_cz,300.0,50,mężczyzna,12,1000.0,2,43,48,0
splacona_cz,300.0,78,kobieta,13,1239.98,2,255,48,0
splacona_cz,345.97,54,kobieta,11,1721.7,5,120,48,0
splacona_cz,500.0,36,mężczyzna,11,3898.0,0,181,48,3
splacona_cz,500.0,62,kobieta,13,1691.3,1,73,48,13
splacona_cz,400.0,59,mężczyzna,13,3900.0,0,114,48,2
splacona_cz,300.0,26,mężczyzna,11,1459.0,2,9,48,7
splacona,200.0,46,mężczyzna,11,1566.82,1,349,48,0
splacona_cz,314.83,35,kobieta,11,2709.34,5,181,48,3
splacona_cz,400.0,51,mężczyzna,11,1800.0,1,259,48,0
windykacja,298.74,46,mężczyzna,13,1688.82,3,99,48,4529
splacona_cz,200.0,72,kobieta,13,785.0,1,64,48,0
splacona_cz,600.0,61,kobieta,13,1050.0,5,139,48,0
splacona_cz,500.0,44,mężczyzna,12,1952.35,0,4,11,1
splacona_cz,400.0,48,kobieta,11,980.0,0,200,48,0
windykacja_sp,370.0,40,kobieta,11,1087.0,0,238,48,234
splacona,200.0,62,kobieta,13,714.0,0,222,48,0
windykacja,500.0,33,mężczyzna,11,2261.0,0,51,48,4529
windykacja,500.0,35,kobieta,11,1792.0,0,62,48,4529
splacona_cz,400.0,44,mężczyzna,12,1963.88,4,6,6,4
splacona_cz,290.0,61,kobieta,13,1280.0,5,17,48,0
splacona,250.0,38,kobieta,11,800.51,0,20,48,1
splacona_cz,300.0,62,kobieta,13,1525.46,0,36,48,9
splacona_cz,300.0,45,mężczyzna,11,2100.0,0,50,48,0
splacona_cz,200.0,63,kobieta,16,1600.0,1,24,48,0
splacona_cz,500.0,29,kobieta,12,1447.0,5,22,24,3
splacona_cz,300.0,61,kobieta,13,2282.0,1,25,48,0
splacona,399.72,54,kobieta,11,2368.57,3,410,48,15
splacona,200.0,70,kobieta,13,907.0,3,234,48,2
splacona_cz,200.0,51,kobieta,11,932.34,5,395,48,0
splacona_cz,300.0,60,kobieta,13,810.0,5,33,48,1
splacona,200.0,40,kobieta,11,2505.0,1,164,48,0
splacona_cz,200.0,47,kobieta,11,1493.98,4,361,48,0
splacona_cz,400.0,56,kobieta,11,1730.13,3,193,48,0
splacona,400.0,60,kobieta,13,1425.0,0,79,48,0
splacona,200.0,73,mężczyzna,13,910.33,4,163,48,0
splacona,300.0,74,mężczyzna,13,1180.0,0,140,48,0
splacona,400.0,35,mężczyzna,98,1256.0,0,69,48,0
splacona_cz,300.0,79,kobieta,13,1442.43,0,141,48,0
splacona,200.0,56,kobieta,17,1100.0,3,27,33,2
splacona_cz,400.0,52,kobieta,98,3000.0,1,85,48,0
splacona_cz,700.0,37,kobieta,11,3178.76,0,121,48,0
splacona_cz,700.0,32,kobieta,11,3100.0,0,121,48,0
splacona_cz,400.0,75,kobieta,13,1900.0,1,121,48,1
splacona,600.0,43,kobieta,11,1443.0,5,34,48,0
splacona_cz,200.0,30,mężczyzna,12,1521.0,1,20,30,0
windykacja_sp,400.0,59,kobieta,16,1090.0,0,77,48,294
splacona_cz,500.0,56,mężczyzna,13,1900.0,5,150,48,0
splacona_cz,200.0,27,mężczyzna,17,728.0,5,100,48,0
splacona_cz,200.0,53,kobieta,12,984.34,4,18,20,6
splacona,300.0,66,mężczyzna,13,2110.0,5,101,48,1
splacona_cz,500.0,49,kobieta,11,1800.0,5,53,48,0
splacona_cz,300.0,67,mężczyzna,13,1573.0,0,89,48,12
splacona_cz,200.0,53,kobieta,99,1100.0,2,52,48,1
splacona_cz,349.66,64,mężczyzna,13,1601.87,1,45,48,1
splacona_cz,300.0,57,kobieta,16,634.64,4,136,48,4
splacona,297.86,22,kobieta,12,1634.0,3,12,15,12
windykacja_sp,500.0,73,mężczyzna,13,2112.0,0,98,48,322
splacona_cz,800.0,61,kobieta,13,5100.0,0,28,48,0
splacona_cz,250.0,57,kobieta,16,2100.0,0,39,48,4
splacona,200.0,52,mężczyzna,12,1210.0,0,7,9,14
splacona_cz,300.0,22,kobieta,12,1500.0,4,4,5,3
splacona,300.0,26,kobieta,12,1300.0,4,8,12,4
splacona_cz,200.0,60,kobieta,13,1026.0,4,55,48,3
splacona_cz,700.0,59,kobieta,13,1400.0,0,246,48,0
splacona_cz,500.0,74,kobieta,13,1536.0,0,36,48,4
splacona_cz,395.77,63,kobieta,13,1668.0,5,91,48,1
splacona_cz,700.0,58,kobieta,13,1872.0,5,35,48,3
splacona_cz,500.0,24,mężczyzna,11,2327.94,1,35,48,5
splacona_cz,200.0,70,kobieta,13,865.0,5,128,48,1
splacona_cz,500.0,35,kobieta,11,2400.0,4,113,48,3
splacona_cz,300.0,49,kobieta,11,992.84,5,121,48,0
splacona_cz,200.0,61,kobieta,13,992.96,1,12,48,0
splacona_cz,300.0,30,mężczyzna,11,1000.0,5,57,48,0
splacona_cz,300.0,54,kobieta,12,1000.0,0,45,48,0
splacona_cz,300.0,46,kobieta,98,911.0,5,98,48,2
splacona_cz,200.0,31,kobieta,12,1865.0,2,20,21,11
splacona_cz,500.0,60,mężczyzna,11,2100.0,4,187,48,0
splacona_cz,200.0,61,kobieta,13,984.0,0,11,48,0
splacona_cz,200.0,57,kobieta,99,780.0,1,1,3,0
splacona_cz,500.0,67,kobieta,13,815.0,0,144,48,7
splacona_cz,400.0,35,mężczyzna,11,1058.0,0,14,48,0
splacona,300.0,58,kobieta,13,1244.77,5,39,48,14
splacona,416.61,52,mężczyzna,11,2011.0,0,211,48,0
splacona_cz,300.0,46,kobieta,12,1038.68,1,21,26,0
splacona,650.0,78,mężczyzna,13,1519.0,0,254,48,0
splacona_cz,200.0,53,kobieta,16,749.28,5,65,48,3
splacona_cz,399.66,39,kobieta,11,1239.05,2,204,48,8
splacona_cz,347.63,61,mężczyzna,13,1500.0,5,23,48,7
splacona_cz,479.15,61,mężczyzna,11,1250.0,0,65,48,4
splacona_cz,292.57,54,mężczyzna,11,2100.0,2,38,48,2
splacona_cz,300.0,79,kobieta,13,1167.94,0,369,48,1
splacona_cz,275.97,41,kobieta,11,1000.0,0,61,48,4
splacona_cz,500.0,50,kobieta,17,990.0,1,72,48,2
splacona,200.0,39,mężczyzna,11,1300.0,5,45,48,0
splacona,500.0,53,mężczyzna,11,2080.0,1,318,48,2
splacona_cz,200.0,50,mężczyzna,16,1045.0,4,199,48,0
splacona_cz,400.0,65,mężczyzna,16,1473.04,2,165,48,1
splacona_cz,300.0,71,mężczyzna,13,1426.0,5,77,48,0
splacona_cz,200.0,56,kobieta,98,980.0,4,10,48,0
splacona_cz,299.28,52,kobieta,11,1400.0,1,161,48,0
splacona,300.0,45,mężczyzna,12,670.0,5,9,11,0
splacona_cz,300.0,46,mężczyzna,11,1360.0,1,120,48,0
splacona_cz,200.0,26,mężczyzna,12,1100.0,0,33,48,0
splacona_cz,200.0,31,kobieta,12,980.0,5,10,15,1
splacona_cz,300.0,63,kobieta,13,1100.0,2,105,48,0
splacona,200.0,48,kobieta,11,967.64,4,319,48,302
splacona,300.0,48,mężczyzna,11,1600.0,0,342,48,10
splacona_cz,400.0,50,kobieta,12,1000.0,5,32,34,2
splacona_cz,400.0,60,mężczyzna,12,1000.0,5,12,14,2
splacona_cz,582.0,62,kobieta,13,3700.0,5,27,48,0
splacona_cz,600.0,51,kobieta,11,3200.0,5,54,48,6
splacona,300.0,66,kobieta,13,1031.0,1,122,48,0
splacona_cz,700.0,61,kobieta,13,2066.0,5,130,48,3
splacona_cz,500.0,61,kobieta,13,1310.0,1,79,48,0
splacona_cz,200.0,63,mężczyzna,13,1287.66,4,97,48,0
splacona_cz,286.39,59,kobieta,13,1658.0,5,30,48,3
splacona_cz,200.0,58,kobieta,16,634.0,4,52,48,0
splacona,600.0,33,kobieta,11,1540.0,2,40,48,4
splacona_cz,200.0,54,kobieta,11,1400.0,5,118,48,1
splacona_cz,200.0,63,kobieta,13,1233.0,4,124,48,0
splacona,200.0,57,kobieta,11,983.97,3,79,48,10
splacona_cz,250.0,42,kobieta,99,2290.55,2,19,20,0
splacona_cz,286.13,46,kobieta,12,1032.0,5,39,40,0
splacona,200.0,73,kobieta,13,866.46,2,196,48,4
splacona_cz,200.0,37,kobieta,12,599.03,4,20,21,8
splacona_cz,700.0,61,kobieta,13,1977.0,3,56,48,18
splacona_cz,200.0,65,kobieta,13,670.0,1,67,48,7
splacona_cz,200.0,68,kobieta,13,803.86,5,159,48,0
splacona_cz,300.0,71,mężczyzna,13,562.0,1,82,48,5
splacona,200.0,74,kobieta,13,1026.0,5,248,48,0
splacona_cz,300.0,46,kobieta,11,900.0,5,94,48,2
splacona_cz,800.0,55,kobieta,13,3440.0,5,52,48,2
splacona,300.0,50,mężczyzna,16,2150.0,0,82,48,0
splacona_cz,400.0,60,kobieta,13,1500.0,1,61,48,0
splacona,200.0,58,kobieta,13,1083.23,0,98,48,3
splacona_cz,300.0,77,kobieta,13,1300.0,2,194,48,0
splacona_cz,500.0,62,kobieta,13,962.0,1,66,48,12
splacona_cz,300.0,55,kobieta,11,2800.0,0,10,48,0
splacona_cz,465.37,35,kobieta,98,4000.0,5,20,48,9
splacona_cz,500.0,35,mężczyzna,11,1850.0,0,56,48,3
splacona_cz,600.0,55,kobieta,16,2300.0,6,64,48,0
splacona_cz,600.0,27,kobieta,11,2100.0,0,24,48,0
splacona,300.0,70,mężczyzna,13,1420.0,1,54,48,0
splacona_cz,200.0,45,kobieta,11,1344.9,4,47,48,2
splacona,200.56,60,kobieta,13,1107.0,0,16,48,0
splacona_cz,300.0,71,mężczyzna,13,1772.53,2,281,48,2
splacona_cz,400.0,34,kobieta,11,980.11,2,46,48,8
splacona_cz,622.85,65,mężczyzna,13,3040.0,1,202,48,0
splacona_cz,300.0,70,kobieta,16,1235.0,0,34,48,0
splacona_cz,300.0,62,mężczyzna,15,1100.79,0,91,48,0
splacona_cz,200.0,62,mężczyzna,13,1162.0,5,222,48,0
splacona_cz,200.0,60,kobieta,13,1635.0,5,121,48,0
splacona,300.0,63,kobieta,13,917.0,3,77,48,4
splacona,300.0,68,kobieta,13,1019.0,0,134,48,0
splacona_cz,400.0,60,kobieta,16,1411.0,2,67,48,1
splacona_cz,284.19,38,kobieta,98,1200.0,5,47,48,0
splacona,300.0,29,mężczyzna,12,1800.0,0,5,6,0
splacona_cz,300.0,54,kobieta,16,1500.0,0,3,48,0
splacona_cz,800.0,68,kobieta,13,2120.0,0,120,48,0
splacona_cz,300.0,43,kobieta,11,1738.57,0,58,48,3
windykacja,300.0,51,mężczyzna,12,1030.0,0,10,48,4515
splacona_cz,300.0,54,kobieta,11,2800.0,5,61,48,0
splacona_cz,530.0,32,mężczyzna,11,2050.0,0,119,48,7
splacona_cz,300.0,70,kobieta,13,1000.0,2,65,48,0
splacona_cz,200.0,43,mężczyzna,11,2284.23,0,301,48,0
windykacja,400.0,58,mężczyzna,13,2031.0,0,159,48,4513
splacona_cz,200.0,72,mężczyzna,13,1700.0,0,15,48,7
splacona,400.0,51,mężczyzna,98,4293.0,0,179,48,0
splacona,200.0,53,kobieta,11,3641.0,0,144,48,0
splacona_cz,399.72,62,kobieta,13,714.0,6,223,48,0
splacona,250.0,75,kobieta,13,1000.0,0,212,48,0
splacona_cz,460.0,65,kobieta,13,1013.74,5,114,48,1
splacona_cz,400.0,64,kobieta,13,840.0,3,114,48,2
splacona,800.0,57,kobieta,13,1530.0,0,26,48,0
splacona_cz,495.15,38,mężczyzna,11,2470.0,2,67,48,5
splacona_cz,500.0,49,kobieta,11,2500.0,1,234,48,0
splacona,200.0,39,kobieta,12,1048.27,0,4,19,4
splacona,200.0,62,mężczyzna,16,1313.41,5,29,48,229
splacona_cz,350.0,61,mężczyzna,16,837.0,4,232,48,0
splacona_cz,400.0,58,kobieta,11,1500.0,4,86,48,0
splacona,300.0,44,mężczyzna,11,3300.0,2,238,48,0
splacona_cz,315.49,73,mężczyzna,13,960.0,5,141,48,0
splacona_cz,423.23,31,mężczyzna,11,2700.0,5,16,48,7
splacona,365.96,47,mężczyzna,12,1574.45,4,32,35,6
windykacja,350.0,56,kobieta,17,547.89,2,57,48,4511
splacona_cz,300.0,68,kobieta,13,1027.0,1,193,48,0
windykacja,799.85,33,kobieta,11,2050.0,1,30,48,4511
splacona,400.0,57,kobieta,13,1817.24,4,19,48,3
splacona,407.31,68,kobieta,16,980.0,5,132,48,0
splacona_cz,593.94,52,mężczyzna,11,3200.0,5,190,48,0
splacona,300.0,33,kobieta,11,2200.0,0,12,48,0
splacona_cz,550.0,54,kobieta,12,1675.0,5,10,11,3
splacona_cz,300.0,63,kobieta,16,1389.0,0,92,48,0
splacona_cz,900.0,58,kobieta,17,684.0,5,191,48,0
splacona_cz,200.0,55,mężczyzna,11,1460.17,2,62,48,1
splacona_cz,670.0,63,kobieta,13,930.0,2,95,48,0
splacona_cz,235.97,65,mężczyzna,12,1100.0,5,23,36,0
splacona_cz,450.0,70,kobieta,13,729.03,6,258,48,0
splacona,700.0,65,kobieta,13,930.0,6,132,48,0
splacona_cz,200.0,61,kobieta,13,975.0,5,28,48,0
splacona_cz,399.72,47,mężczyzna,12,600.0,6,10,27,0
splacona_cz,500.0,53,mężczyzna,11,1320.0,5,343,48,0
splacona_cz,389.72,61,kobieta,13,1170.0,4,79,48,0
splacona_cz,200.0,31,kobieta,12,1032.34,5,6,11,11
splacona_cz,200.0,69,kobieta,16,959.6,5,116,48,5
splacona_cz,200.0,67,kobieta,13,720.19,3,94,48,0
splacona_cz,500.0,60,kobieta,13,1212.0,5,55,48,0
splacona,200.0,53,kobieta,16,1740.0,2,115,48,0
splacona_cz,693.7,38,kobieta,11,1900.0,1,209,48,3
splacona,400.0,62,kobieta,13,1474.55,4,66,48,6
splacona_cz,400.0,53,kobieta,13,1213.0,0,51,48,2
splacona_cz,339.72,54,kobieta,16,1045.6,6,13,48,0
splacona_cz,300.0,33,mężczyzna,11,1800.0,5,166,48,2
splacona_cz,300.0,39,kobieta,12,1027.0,5,10,48,0
splacona_cz,400.0,59,mężczyzna,11,2000.0,0,71,48,0
splacona_cz,200.0,61,kobieta,13,997.0,5,80,48,0
splacona,200.0,55,kobieta,12,1350.0,5,23,24,2
splacona_cz,265.58,62,kobieta,13,1189.0,5,71,48,0
splacona_cz,563.44,68,mężczyzna,13,2000.0,0,46,48,10
splacona_cz,500.0,61,kobieta,13,1362.0,5,57,48,1
splacona_cz,800.0,35,mężczyzna,12,1500.0,2,34,35,1
windykacja,500.0,44,kobieta,11,2105.0,0,24,48,4506
splacona_cz,300.0,64,kobieta,16,1132.0,2,98,48,13
splacona_cz,300.0,71,mężczyzna,13,1295.37,1,308,48,0
splacona_cz,300.0,60,kobieta,13,936.0,3,32,48,0
splacona_cz,375.81,29,mężczyzna,11,1888.27,0,78,48,3
splacona_cz,600.0,32,kobieta,11,1290.0,5,20,48,5
splacona,426.61,49,kobieta,11,2470.0,6,355,48,0
splacona_cz,200.0,75,kobieta,13,616.0,5,247,48,3
splacona_cz,600.0,49,kobieta,11,2800.0,5,320,48,1
splacona,500.0,72,kobieta,13,640.0,2,140,48,0
splacona_cz,400.0,66,kobieta,13,1137.19,5,97,48,0
splacona_cz,200.0,56,kobieta,11,1172.2,5,38,48,0
splacona_cz,500.0,73,kobieta,13,951.0,5,163,48,15
splacona,500.0,42,mężczyzna,98,3014.0,0,103,48,6
splacona_cz,300.0,49,mężczyzna,13,3900.0,6,31,48,0
splacona_cz,450.0,69,kobieta,13,1800.0,0,118,48,0
splacona,250.0,54,kobieta,17,864.6,1,3,7,0
splacona_cz,300.0,35,kobieta,12,1200.0,5,10,14,0
windykacja_sp,441.27,40,kobieta,12,660.0,5,13,38,6
splacona_cz,283.31,52,kobieta,12,1050.0,4,35,36,0
splacona_cz,400.0,51,mężczyzna,11,1400.0,0,40,48,9
splacona_cz,250.0,65,mężczyzna,13,1559.0,0,72,48,0
splacona_cz,300.0,21,mężczyzna,12,952.89,1,24,26,8
splacona_cz,357.31,40,mężczyzna,11,1261.98,5,37,48,1
splacona_cz,500.0,70,kobieta,13,1200.0,5,120,48,6
splacona_cz,412.88,38,kobieta,11,2927.0,4,202,48,5
splacona_cz,242.28,65,kobieta,13,1350.0,4,112,48,1
splacona_cz,300.0,57,kobieta,13,611.0,4,140,48,1
splacona_cz,200.0,72,kobieta,13,730.0,4,562,48,0
splacona,200.0,74,kobieta,13,1026.0,6,248,48,0
splacona_cz,400.0,53,mężczyzna,11,4000.0,6,11,48,0
splacona,300.0,62,kobieta,13,1130.0,5,104,48,0
splacona,400.0,58,kobieta,16,1589.0,1,28,48,15
splacona_cz,600.0,54,kobieta,11,1300.0,0,69,48,6
splacona_cz,600.0,43,kobieta,11,1443.0,0,35,48,1
splacona_cz,400.0,56,mężczyzna,11,1842.86,4,9,48,0
splacona,500.0,48,kobieta,98,1357.0,0,2,48,0
splacona,200.0,24,mężczyzna,12,1000.0,6,13,25,0
splacona,600.0,46,mężczyzna,11,2000.0,0,52,48,0
splacona_cz,400.0,61,kobieta,13,1090.14,5,76,48,4
windykacja,500.0,33,mężczyzna,12,5000.0,0,6,27,4504
splacona_cz,300.0,57,kobieta,11,1680.0,5,386,48,6
windykacja,300.0,54,mężczyzna,11,1700.0,5,40,48,4504
splacona_cz,300.0,50,mężczyzna,12,1000.0,3,44,48,0
windykacja,305.0,65,kobieta,13,1210.0,1,139,48,4504
splacona_cz,400.0,29,mężczyzna,11,1590.0,0,54,48,4
splacona_cz,300.0,58,kobieta,13,1240.0,2,71,48,6
splacona_cz,800.0,57,mężczyzna,12,2500.0,4,6,10,3
splacona_cz,500.0,72,mężczyzna,13,1700.0,5,15,48,0
splacona,300.0,42,kobieta,11,1286.16,2,118,48,0
splacona_cz,500.0,60,kobieta,13,1000.0,5,69,48,0
splacona_cz,378.91,70,kobieta,13,1291.18,6,80,48,12
splacona_cz,400.0,54,kobieta,12,1700.0,6,56,48,0
splacona_cz,350.0,73,kobieta,11,1348.95,0,115,48,6
splacona_cz,200.0,20,mężczyzna,17,985.0,6,14,17,0
splacona,200.0,52,kobieta,16,685.0,1,42,48,0
splacona_cz,600.0,41,kobieta,98,5000.0,1,85,48,6
splacona,200.0,68,kobieta,13,1134.96,2,162,48,13
splacona_cz,300.0,78,kobieta,13,1239.98,3,256,48,0
splacona,200.0,43,kobieta,11,1400.0,0,26,48,0
splacona_cz,500.0,47,mężczyzna,13,864.34,0,157,48,0
windykacja_sp,350.0,61,mężczyzna,13,1503.0,0,167,48,18
splacona_cz,300.0,60,mężczyzna,11,3000.0,6,213,48,0
splacona_cz,400.0,51,mężczyzna,11,1800.0,2,260,48,3
splacona_cz,600.0,45,mężczyzna,12,3500.0,0,188,48,0
splacona,200.0,66,kobieta,13,910.0,6,71,48,0
splacona_cz,200.0,71,kobieta,13,722.05,5,198,48,0
splacona_cz,400.0,72,mężczyzna,13,1870.0,1,86,48,1
splacona_cz,500.0,44,kobieta,11,2245.01,0,147,48,4
splacona,300.0,61,kobieta,13,2282.0,2,26,48,0
splacona_cz,500.0,58,mężczyzna,16,1770.0,6,90,48,1
splacona_cz,367.31,61,kobieta,13,1684.0,5,21,48,21
splacona_cz,700.0,47,kobieta,12,830.46,4,46,48,1
splacona_cz,200.0,53,mężczyzna,11,2094.17,2,242,48,4
splacona_cz,600.0,61,kobieta,13,1050.0,6,140,48,0
splacona,400.0,48,kobieta,11,980.0,1,201,48,0
splacona_cz,200.0,57,mężczyzna,13,12220.0,4,72,48,8
splacona_cz,345.97,54,kobieta,11,1721.7,6,121,48,2
splacona_cz,250.0,51,kobieta,11,1700.0,5,307,48,2
windykacja_sp,200.0,63,kobieta,16,1600.0,2,25,48,323
splacona_cz,200.0,72,kobieta,13,785.0,2,65,48,0
splacona_cz,500.0,62,kobieta,13,820.0,0,32,48,0
splacona_cz,300.0,79,kobieta,13,1442.43,1,142,48,0
splacona_cz,200.0,65,mężczyzna,13,1611.0,0,142,48,1
splacona_cz,290.0,61,kobieta,13,1280.0,6,18,48,1
splacona_cz,300.0,45,mężczyzna,11,2100.0,1,51,48,2
splacona_cz,400.0,66,kobieta,13,850.0,5,68,48,2
splacona,400.0,59,mężczyzna,13,3900.0,1,115,48,1
splacona,200.0,25,kobieta,17,1200.0,6,166,48,0
splacona,490.0,30,mężczyzna,11,2700.0,1,65,48,1
splacona_cz,700.0,57,mężczyzna,13,3600.0,0,87,48,0
splacona_cz,200.0,26,kobieta,12,1100.0,2,16,17,0
splacona_cz,200.0,27,mężczyzna,12,1400.0,0,2,3,0
splacona_cz,500.0,47,mężczyzna,13,1500.0,0,87,48,0
splacona,500.0,58,kobieta,13,1883.53,0,48,48,0
splacona,500.0,44,mężczyzna,12,1952.35,1,5,11,5
windykacja,200.0,29,mężczyzna,99,1393.85,4,6,6,4498
splacona_cz,314.83,35,kobieta,11,2709.34,6,182,48,0
splacona,600.0,39,kobieta,11,1800.0,1,53,48,18
splacona_cz,500.0,36,mężczyzna,11,3898.0,1,182,48,6
splacona_cz,200.0,75,kobieta,13,965.0,5,246,48,0
splacona,438.67,50,kobieta,11,1577.42,0,206,48,13
splacona_cz,400.0,60,kobieta,13,1800.0,0,70,48,0
splacona_cz,500.0,45,kobieta,11,3000.0,0,94,48,0
splacona,200.0,46,kobieta,12,990.34,0,57,48,12
splacona,200.0,51,kobieta,11,932.34,6,396,48,214
splacona,300.0,46,mężczyzna,11,1566.82,0,350,48,13
splacona,200.0,47,kobieta,11,1493.98,5,362,48,181
splacona_cz,200.0,30,mężczyzna,12,1521.0,2,21,30,6
splacona,200.0,62,mężczyzna,13,1672.59,0,23,48,13
splacona,300.0,53,mężczyzna,11,1300.0,0,453,48,0
splacona,500.0,35,mężczyzna,98,1256.0,0,70,48,291
splacona,400.0,56,kobieta,11,1730.13,4,194,48,18
splacona_cz,500.0,56,mężczyzna,13,1900.0,6,151,48,4
splacona_cz,700.0,37,kobieta,11,3178.76,1,122,48,4
splacona_cz,700.0,32,kobieta,11,3100.0,1,122,48,4
splacona,600.0,47,kobieta,11,1700.0,5,90,48,0
splacona_cz,300.0,63,kobieta,13,1014.0,0,184,48,0
splacona_cz,780.0,63,kobieta,13,860.0,0,81,48,6
splacona_cz,389.72,52,kobieta,98,3000.0,2,86,48,0
splacona_cz,500.0,29,kobieta,12,1447.0,6,23,24,5
splacona_cz,200.0,27,mężczyzna,17,728.0,6,101,48,3
splacona_cz,515.96,58,kobieta,13,1801.41,1,39,48,3
splacona_cz,300.0,60,kobieta,13,810.0,6,34,48,0
splacona_cz,600.0,49,mężczyzna,11,2500.0,0,375,48,3
splacona_cz,800.0,61,kobieta,13,5100.0,1,29,48,0
splacona_cz,500.0,49,kobieta,11,1800.0,6,54,48,3
windykacja_sp,400.0,38,kobieta,11,800.51,0,21,48,332
splacona_cz,400.0,75,kobieta,13,1900.0,2,122,48,0
splacona,428.68,55,mężczyzna,16,588.0,2,423,48,6
splacona_cz,349.66,64,mężczyzna,13,1601.87,2,46,48,2
splacona_cz,400.0,68,mężczyzna,13,1162.41,0,105,48,0
splacona_cz,400.0,44,mężczyzna,12,1963.88,5,7,8,8
splacona,200.0,57,mężczyzna,13,819.0,0,58,48,0
splacona,316.68,43,mężczyzna,98,3178.0,0,202,48,71
splacona_cz,200.0,57,kobieta,99,780.0,2,2,3,3
splacona_cz,200.0,53,kobieta,99,1100.0,3,53,48,0
splacona,200.0,71,kobieta,13,634.64,0,252,48,0
splacona_cz,700.0,59,kobieta,13,1400.0,1,247,48,0
windykacja_sp,300.0,25,mężczyzna,12,1400.0,0,13,32,6
splacona_cz,300.0,60,kobieta,13,1087.0,0,72,48,3
splacona_cz,400.0,64,kobieta,13,1507.0,0,60,48,8
splacona_cz,200.0,61,kobieta,13,992.96,2,13,48,0
splacona_cz,300.0,48,kobieta,11,1077.49,0,373,48,0
splacona_cz,200.0,61,kobieta,13,984.0,1,12,48,0
splacona_cz,300.0,49,kobieta,11,992.84,6,122,48,2
splacona_cz,400.0,35,mężczyzna,11,1058.0,1,15,48,0
splacona_cz,393.48,63,kobieta,13,1668.0,6,92,48,0
splacona,300.0,30,mężczyzna,11,1000.0,6,58,48,9
splacona_cz,500.0,60,mężczyzna,11,2100.0,5,188,48,0
splacona_cz,300.0,26,mężczyzna,11,1459.0,3,10,48,13
splacona_cz,200.0,70,kobieta,13,865.0,6,129,48,0
splacona,200.0,54,kobieta,12,1000.0,1,46,48,0
splacona,300.0,49,mężczyzna,11,1400.0,0,15,48,14
splacona,200.0,60,kobieta,13,1026.0,5,56,48,41
splacona_cz,700.0,58,kobieta,13,1872.0,6,36,48,1
splacona_cz,300.0,46,kobieta,98,911.0,6,99,48,2
splacona,300.0,62,kobieta,13,714.0,0,223,48,0
splacona_cz,240.0,57,kobieta,16,634.64,5,137,48,6
splacona_cz,300.0,46,kobieta,12,1038.68,2,22,26,2
splacona,500.0,64,mężczyzna,13,1530.0,0,36,48,0
splacona_cz,600.0,80,mężczyzna,13,2547.0,0,196,48,0
splacona_cz,300.0,22,kobieta,12,1500.0,5,5,6,0
splacona_cz,500.0,35,kobieta,11,2400.0,5,114,48,5
splacona_cz,249.3,57,kobieta,16,2100.0,1,40,48,2
splacona_cz,300.0,74,kobieta,13,1536.0,1,37,48,0
splacona,200.0,42,kobieta,99,2290.55,3,19,20,0
splacona,500.0,31,mężczyzna,11,2180.09,0,51,48,13
splacona,500.0,67,kobieta,13,1431.0,0,248,48,0
splacona_cz,300.0,79,kobieta,13,1167.94,1,370,48,0
splacona,327.0,52,kobieta,11,2065.98,0,180,48,12
splacona_cz,299.23,52,kobieta,11,1400.0,2,162,48,0
splacona_cz,200.0,50,mężczyzna,16,1045.0,5,200,48,3
splacona_cz,500.0,69,kobieta,16,1401.0,0,76,48,0
splacona,400.0,39,mężczyzna,11,1300.0,0,46,48,0
splacona,200.0,21,mężczyzna,99,1500.0,0,4,6,0
splacona_cz,300.0,63,kobieta,13,1100.0,3,106,48,0
splacona,300.0,62,mężczyzna,15,1100.79,1,91,48,0
splacona_cz,300.0,71,mężczyzna,13,1426.0,6,78,48,0
splacona_cz,300.0,46,mężczyzna,11,1360.0,2,121,48,0
splacona_cz,500.0,50,kobieta,17,990.0,2,73,48,0
splacona_cz,500.0,53,mężczyzna,11,2080.0,0,319,48,0
splacona,244.61,62,kobieta,13,1525.46,1,37,48,5
splacona_cz,558.03,62,kobieta,13,3700.0,6,28,48,0
splacona_cz,200.0,56,kobieta,98,980.0,5,11,48,0
splacona,200.0,26,mężczyzna,12,1100.0,1,34,48,6
splacona_cz,200.0,53,kobieta,12,984.34,5,19,20,0
splacona,300.0,21,mężczyzna,11,1625.0,0,24,48,4
splacona_cz,281.61,54,mężczyzna,11,2100.0,3,39,48,5
splacona,500.0,24,mężczyzna,11,2327.94,2,36,48,20
splacona_cz,400.0,65,mężczyzna,16,1473.04,3,167,48,0
splacona_cz,300.0,65,kobieta,13,802.83,0,203,48,3
splacona_cz,200.0,53,kobieta,16,749.28,6,67,48,0
splacona_cz,250.0,21,mężczyzna,12,1500.0,0,8,8,0
splacona_cz,200.0,31,kobieta,12,980.0,6,12,15,2
splacona_cz,200.0,40,kobieta,11,2505.0,0,166,48,2
splacona_cz,400.0,60,kobieta,13,1500.0,2,62,48,2
splacona_cz,800.0,68,kobieta,13,2120.0,1,121,48,5
splacona,500.0,41,kobieta,11,1870.0,0,112,48,10
splacona,200.0,63,kobieta,13,1233.0,5,125,48,0
splacona,477.41,61,mężczyzna,11,1250.0,1,67,48,10
splacona,299.28,70,kobieta,16,1235.0,1,35,48,270
splacona_cz,200.0,70,mężczyzna,13,1642.87,0,71,48,0
splacona_cz,200.0,58,kobieta,16,634.0,5,53,48,0
splacona,500.0,61,kobieta,13,1310.0,2,80,48,3
splacona,500.0,75,mężczyzna,13,1150.0,0,140,48,23
splacona_cz,281.84,46,kobieta,12,1032.0,6,40,40,8
splacona_cz,200.0,63,mężczyzna,13,1287.66,5,98,48,10
splacona,450.0,68,kobieta,13,1019.0,0,135,48,10
splacona_cz,200.0,68,kobieta,13,803.86,6,160,48,2
splacona_cz,530.0,62,kobieta,13,1691.3,2,75,48,7
splacona,200.0,41,kobieta,11,1000.0,1,63,48,10
splacona_cz,500.0,55,kobieta,16,2300.0,7,65,48,0
splacona_cz,400.0,50,kobieta,12,1000.0,6,34,34,0
splacona_cz,400.0,60,mężczyzna,12,1000.0,6,14,14,0
splacona,600.0,27,kobieta,11,2100.0,1,25,48,0
splacona_cz,200.0,54,kobieta,11,1400.0,6,119,48,0
splacona_cz,500.0,50,mężczyzna,16,2150.0,0,83,48,0
splacona,618.26,65,mężczyzna,13,3040.0,2,203,48,2
windykacja_sp,500.0,67,kobieta,13,815.0,1,146,48,266
splacona,300.0,77,kobieta,13,1300.0,3,195,48,2
splacona_cz,300.0,55,kobieta,11,2800.0,1,11,48,1
splacona_cz,300.0,46,kobieta,11,900.0,6,95,48,7
splacona_cz,278.98,38,kobieta,98,1200.0,6,48,48,5
splacona_cz,400.0,60,kobieta,13,1107.0,0,17,48,0
splacona_cz,200.0,62,mężczyzna,13,1162.0,6,223,48,0
splacona_cz,500.0,62,kobieta,13,1900.0,0,90,48,0
splacona_cz,300.0,70,mężczyzna,13,1420.0,0,55,48,7
splacona_cz,272.78,59,kobieta,13,1658.0,6,31,48,0
splacona_cz,700.0,61,kobieta,13,2066.0,6,131,48,6
splacona_cz,300.0,54,kobieta,16,1500.0,1,4,48,1
splacona,512.0,61,mężczyzna,13,1500.0,6,25,48,15
splacona_cz,200.0,60,kobieta,13,1635.0,6,122,48,0
splacona_cz,800.0,55,kobieta,13,3440.0,6,53,48,0
splacona_cz,774.28,33,kobieta,11,2200.0,2,39,48,0
splacona,300.0,54,kobieta,11,2800.0,6,62,48,0
splacona_cz,400.0,60,kobieta,16,1411.0,3,68,48,4
splacona,399.66,39,kobieta,11,1239.05,3,206,48,13
splacona_cz,438.12,35,mężczyzna,11,1850.0,1,57,48,7
windykacja,300.0,67,mężczyzna,13,1573.0,1,91,48,4484
splacona_cz,300.0,55,kobieta,16,2300.0,0,65,48,0
splacona_cz,600.0,51,kobieta,11,3200.0,6,56,48,11
splacona_cz,450.0,59,kobieta,13,1650.0,0,117,48,0
splacona,282.57,71,mężczyzna,13,1772.53,3,282,48,12
splacona_cz,300.0,70,kobieta,13,1000.0,3,66,48,2
splacona_cz,200.0,43,mężczyzna,11,2284.23,1,302,48,3
splacona_cz,299.72,62,kobieta,13,714.0,7,224,48,0
splacona_cz,400.0,58,kobieta,11,1500.0,5,87,48,2
splacona_cz,200.0,45,kobieta,11,1344.9,5,48,48,7
splacona,500.0,49,kobieta,11,2500.0,2,235,48,2
splacona_cz,200.0,31,kobieta,12,1865.0,3,22,22,2
splacona_cz,300.0,71,mężczyzna,13,562.0,2,83,48,3
splacona,324.56,61,kobieta,13,1170.0,5,80,48,0
splacona,350.0,61,mężczyzna,16,837.0,5,233,48,4
splacona_cz,460.0,65,kobieta,13,1013.74,6,115,48,2
splacona_cz,500.0,60,kobieta,13,1212.0,6,56,48,2
splacona,200.0,31,mężczyzna,98,2000.0,0,16,48,0
splacona,200.0,60,kobieta,16,684.64,0,343,48,2
splacona,300.0,43,kobieta,11,1738.57,1,59,48,0
windykacja,600.0,78,mężczyzna,13,1519.0,0,256,48,4482
windykacja_sp,292.28,60,kobieta,13,936.0,4,33,48,244
splacona,399.72,54,kobieta,11,2368.57,0,412,48,12
windykacja,200.0,65,kobieta,13,670.0,2,68,48,4480
splacona_cz,600.0,65,kobieta,16,892.0,0,203,48,0
splacona_cz,700.0,68,kobieta,16,980.0,0,133,48,7
splacona_cz,300.0,68,kobieta,13,1027.0,2,194,48,0
splacona_cz,600.0,72,kobieta,13,640.0,0,141,48,0
splacona_cz,400.0,62,kobieta,16,2084.79,0,143,48,0
splacona_cz,315.12,73,mężczyzna,13,960.0,6,142,48,1
splacona_cz,667.77,63,kobieta,13,930.0,3,96,48,0
splacona_cz,299.28,63,kobieta,16,1389.0,1,93,48,1
splacona_cz,400.0,64,kobieta,13,840.0,4,115,48,2
splacona_cz,265.58,62,kobieta,13,1189.0,6,72,48,1
splacona_cz,200.0,67,kobieta,13,720.19,4,95,48,0
splacona_cz,400.0,63,kobieta,13,917.0,0,78,48,7
splacona_cz,500.0,63,kobieta,13,3251.0,0,140,48,0
splacona_cz,300.0,40,kobieta,12,1896.0,0,15,16,1
splacona_cz,900.0,58,kobieta,17,684.0,6,192,48,1
splacona,575.64,52,mężczyzna,11,3200.0,6,191,48,0
splacona_cz,400.0,59,mężczyzna,11,2000.0,1,72,48,8
splacona_cz,200.0,61,kobieta,13,975.0,6,29,48,1
splacona_cz,200.0,55,mężczyzna,11,1460.17,3,63,48,1
splacona_cz,400.0,70,kobieta,13,729.03,7,259,48,0
splacona_cz,500.0,53,mężczyzna,11,1320.0,6,344,48,2
splacona_cz,235.97,65,mężczyzna,12,1100.0,6,24,36,8
splacona_cz,200.0,61,kobieta,13,997.0,6,81,48,1
splacona,400.0,41,mężczyzna,11,1800.0,0,107,48,213
splacona_cz,282.28,48,mężczyzna,11,1600.0,0,344,48,3
splacona_cz,300.0,39,kobieta,12,1027.0,6,11,48,1
splacona_cz,500.0,47,mężczyzna,12,600.0,7,11,27,1
splacona,200.0,37,kobieta,12,599.03,5,21,21,9
splacona_cz,289.72,54,kobieta,16,1045.6,7,14,48,1
splacona,400.0,66,kobieta,13,1137.19,6,98,48,1
splacona_cz,430.0,38,mężczyzna,11,2470.0,3,68,48,5
splacona_cz,300.0,66,mężczyzna,13,2110.0,0,103,48,5
splacona_cz,300.0,54,kobieta,17,864.6,0,4,7,0
splacona,400.0,53,kobieta,13,1213.0,1,52,48,14
windykacja,200.0,57,kobieta,11,983.97,0,80,48,4478
splacona_cz,550.0,54,kobieta,12,1675.0,6,11,11,1
splacona,500.0,77,mężczyzna,13,2609.0,0,193,48,0
splacona,400.0,60,kobieta,13,1425.0,0,81,48,0
splacona_cz,465.37,35,kobieta,98,4000.0,6,21,48,2
splacona_cz,530.0,32,mężczyzna,11,2050.0,1,120,48,5
splacona_cz,300.0,33,mężczyzna,11,1800.0,6,167,48,0
splacona_cz,400.0,54,kobieta,12,1000.0,0,47,48,1
windykacja_sp,292.28,58,kobieta,13,1244.77,0,41,48,294
splacona_cz,600.0,55,kobieta,12,1350.0,0,24,24,1
splacona_cz,200.0,31,mężczyzna,11,2000.0,0,7,48,0
splacona_cz,248.57,65,mężczyzna,13,1559.0,1,73,48,1
splacona_cz,600.0,72,kobieta,13,2534.0,0,129,48,0
splacona_cz,200.0,72,kobieta,13,730.0,5,563,48,1
splacona_cz,500.0,52,mężczyzna,11,2011.0,0,213,48,7
splacona_cz,693.7,38,kobieta,11,1900.0,2,210,48,5
splacona_cz,400.0,34,kobieta,11,980.11,3,47,48,0
windykacja,300.0,52,mężczyzna,12,1210.0,0,9,9,4476
splacona_cz,282.68,52,kobieta,12,1050.0,5,36,36,0
splacona,200.0,52,kobieta,99,598.0,0,5,6,0
splacona_cz,300.0,43,kobieta,11,1400.0,0,27,48,0
windykacja_sp,470.0,69,kobieta,13,1800.0,1,119,48,14
windykacja,400.0,57,mężczyzna,12,1650.0,0,3,26,4476
splacona_cz,300.0,49,mężczyzna,13,3900.0,7,32,48,0
splacona_cz,500.0,50,mężczyzna,11,2400.0,0,254,48,0
splacona_cz,400.0,53,mężczyzna,11,4000.0,7,12,48,4
splacona_cz,300.0,73,kobieta,13,1412.0,0,206,48,0
splacona_cz,200.0,56,kobieta,11,1172.2,6,39,48,3
splacona,300.0,71,mężczyzna,13,1295.37,2,309,48,0
splacona_cz,300.0,35,kobieta,12,1200.0,6,11,14,0
splacona,200.0,72,mężczyzna,13,1700.0,1,16,48,14
splacona_cz,500.0,72,mężczyzna,13,1700.0,6,16,48,8
splacona_cz,437.15,61,kobieta,13,1362.0,6,58,48,3
splacona_cz,537.15,62,kobieta,13,962.0,2,67,48,3
splacona_cz,242.28,65,kobieta,13,1350.0,5,113,48,0
splacona_cz,300.0,70,kobieta,13,729.03,0,259,48,0
splacona_cz,500.0,47,mężczyzna,13,864.34,1,158,48,2
splacona_cz,200.0,69,kobieta,16,959.6,6,117,48,0
splacona,401.3,47,mężczyzna,12,1574.45,0,33,35,10
splacona,600.0,49,kobieta,11,2800.0,6,321,48,10
splacona_cz,400.0,56,mężczyzna,11,1842.86,5,10,48,3
splacona_cz,879.43,35,mężczyzna,12,1500.0,3,35,35,14
splacona,326.78,40,mężczyzna,11,1261.98,6,38,48,10
windykacja,700.0,48,kobieta,98,1357.0,0,3,48,4475
splacona_cz,200.0,20,mężczyzna,17,985.0,7,15,17,3
splacona_cz,300.0,57,kobieta,13,611.0,5,141,48,0
splacona_cz,500.0,75,kobieta,13,1248.0,0,252,48,0
splacona_cz,500.0,60,kobieta,13,1000.0,6,70,48,0
splacona_cz,300.0,50,mężczyzna,12,1000.0,4,45,48,0
splacona_cz,202.28,60,mężczyzna,11,3000.0,7,214,48,0
splacona_cz,292.28,78,kobieta,13,1239.98,4,257,48,0
splacona_cz,400.0,54,mężczyzna,11,1300.0,0,36,48,4
splacona_cz,423.23,31,mężczyzna,11,2700.0,6,17,48,14
splacona_cz,600.0,43,kobieta,11,1443.0,1,36,48,1
splacona_cz,400.0,54,kobieta,12,1700.0,7,57,48,0
splacona_cz,200.0,57,mężczyzna,11,1800.0,0,163,48,0
splacona_cz,204.78,29,mężczyzna,11,1888.27,1,79,48,8
splacona_cz,200.0,75,kobieta,13,616.0,6,248,48,1
splacona_cz,600.0,45,mężczyzna,12,3500.0,1,189,48,2
splacona_cz,600.0,61,kobieta,13,1050.0,7,141,48,0
splacona_cz,200.0,71,kobieta,13,722.05,6,199,48,1
splacona_cz,800.0,57,mężczyzna,12,2500.0,5,7,10,1
splacona_cz,600.0,32,kobieta,11,1290.0,6,21,48,6
splacona_cz,360.31,38,kobieta,11,2927.0,5,203,48,2
splacona_cz,300.0,66,kobieta,13,1428.55,0,139,48,0
splacona_cz,300.0,29,mężczyzna,11,1590.0,1,55,48,7
splacona_cz,700.0,47,kobieta,12,830.46,5,47,48,0
windykacja_sp,563.44,68,mężczyzna,13,2000.0,1,47,48,285
splacona,300.0,79,kobieta,13,1442.43,2,143,48,0
splacona_cz,200.0,72,kobieta,13,785.0,3,66,48,0
splacona_cz,200.0,27,mężczyzna,12,1400.0,1,3,4,0
splacona_cz,500.0,58,mężczyzna,16,1770.0,7,91,48,0
splacona_cz,400.0,72,mężczyzna,13,1870.0,2,87,48,2
splacona_cz,400.0,59,kobieta,12,1320.0,0,11,35,2
splacona,300.0,36,kobieta,11,1228.0,0,36,48,4
splacona_cz,500.0,70,kobieta,13,1200.0,6,121,48,7
splacona_cz,200.0,70,kobieta,13,1200.0,0,121,48,7
splacona_cz,400.0,51,mężczyzna,11,1800.0,3,261,48,0
splacona_cz,200.0,26,kobieta,12,1100.0,3,17,17,4
splacona,300.0,26,kobieta,11,2300.0,0,24,48,0
splacona,300.0,53,mężczyzna,11,1300.0,0,454,48,0
splacona_cz,290.88,61,kobieta,13,1090.14,6,77,48,5
windykacja,830.0,61,kobieta,13,1977.0,4,57,48,4470
splacona_cz,500.0,47,mężczyzna,13,1500.0,1,88,48,6
splacona_cz,300.0,75,kobieta,13,1000.0,0,213,48,0
splacona,600.0,54,kobieta,11,1300.0,1,70,48,13
splacona_cz,300.0,63,kobieta,13,1014.0,1,185,48,6
windykacja,200.0,31,kobieta,12,1032.34,6,7,11,4469
splacona_cz,437.15,62,kobieta,13,820.0,1,33,48,0
splacona,400.0,21,mężczyzna,99,1500.0,0,5,7,0
splacona,600.0,53,kobieta,11,1700.0,0,207,48,0
splacona,200.0,46,mężczyzna,99,1400.0,0,18,19,0
splacona_cz,345.97,54,kobieta,11,1721.7,7,122,48,0
splacona_cz,400.0,49,kobieta,11,1764.0,0,66,48,0
splacona_cz,314.15,35,kobieta,11,2709.34,7,183,48,0
splacona_cz,200.0,61,kobieta,13,992.96,3,14,48,0
splacona,350.0,73,kobieta,11,1348.95,1,116,48,10
splacona_cz,400.0,44,mężczyzna,11,3300.0,0,239,48,2
windykacja_sp,300.0,52,kobieta,16,685.0,0,43,48,298
splacona_cz,300.0,60,kobieta,13,810.0,7,35,48,0
splacona_cz,300.0,37,kobieta,12,1382.0,0,23,23,0
splacona_cz,300.0,57,kobieta,11,1680.0,6,387,48,4
splacona,350.0,58,kobieta,13,1500.0,0,48,48,4
splacona,500.0,58,kobieta,13,1240.0,3,72,48,0
windykacja_sp,300.0,25,kobieta,11,1600.0,0,54,48,243
splacona_cz,300.0,21,mężczyzna,12,952.89,2,25,26,5
splacona_cz,290.0,61,kobieta,13,1280.0,7,19,48,0
splacona_cz,300.0,65,kobieta,13,1400.0,0,120,48,4
splacona,200.0,65,mężczyzna,13,1611.0,1,143,48,0
splacona_cz,297.28,48,kobieta,11,1077.49,1,374,48,2
splacona,450.0,59,mężczyzna,13,3900.0,0,116,48,3
splacona_cz,400.0,60,kobieta,13,1800.0,1,71,48,0
splacona,250.0,21,mężczyzna,12,1500.0,1,8,11,0
splacona_cz,800.0,61,kobieta,13,5100.0,2,30,48,0
splacona_cz,600.0,41,kobieta,98,5000.0,2,86,48,14
splacona_cz,500.0,59,kobieta,13,1300.0,0,32,48,0
splacona_cz,500.0,45,kobieta,11,3000.0,1,95,48,0
splacona,400.0,58,kobieta,13,1300.0,0,36,48,0
splacona_cz,500.0,51,kobieta,11,1700.0,6,308,48,2
splacona_cz,400.0,66,kobieta,13,850.0,6,69,48,2
splacona_cz,392.82,51,mężczyzna,11,1400.0,1,41,48,2
splacona_cz,200.0,61,kobieta,13,984.0,2,13,48,2
splacona_cz,200.0,75,kobieta,13,965.0,6,247,48,8
splacona_cz,300.0,45,mężczyzna,11,2100.0,2,52,48,0
splacona_cz,400.0,75,kobieta,13,1900.0,3,123,48,1
splacona_cz,389.72,52,kobieta,98,3000.0,3,87,48,1
splacona_cz,200.0,53,mężczyzna,11,2094.17,3,243,48,4
splacona_cz,478.6,44,kobieta,11,2245.01,1,148,48,1
splacona,400.0,35,mężczyzna,11,1186.0,0,12,48,0
splacona_cz,200.0,61,kobieta,13,744.07,0,15,48,0
splacona_cz,339.72,68,mężczyzna,13,1162.41,1,106,48,0
windykacja,300.0,64,kobieta,16,1132.0,3,99,48,4463
splacona_cz,830.0,59,kobieta,13,1400.0,2,248,48,0
splacona_cz,500.0,56,mężczyzna,13,1900.0,7,152,48,0
splacona_cz,200.0,27,mężczyzna,17,728.0,7,102,48,1
splacona_cz,330.1,63,kobieta,13,1668.0,7,93,48,1
splacona_cz,389.72,35,mężczyzna,11,1058.0,2,16,48,0
splacona_cz,500.0,60,mężczyzna,11,2100.0,6,189,48,0
splacona_cz,500.0,56,mężczyzna,13,1553.0,0,111,48,1
splacona,200.0,57,mężczyzna,13,12220.0,5,73,48,0
splacona_cz,500.0,49,mężczyzna,11,2500.0,1,376,48,0
splacona_cz,200.0,53,kobieta,99,1100.0,4,54,48,0
splacona_cz,500.0,49,kobieta,11,1800.0,7,55,48,2
splacona,400.0,23,mężczyzna,98,1200.0,0,18,48,11
splacona_cz,515.96,58,kobieta,13,1801.41,2,40,48,0
splacona_cz,200.0,70,kobieta,13,865.0,7,130,48,0
splacona_cz,700.0,32,kobieta,11,3100.0,2,123,48,5
splacona_cz,700.0,37,kobieta,11,3178.76,2,123,48,5
splacona_cz,400.0,59,kobieta,13,1400.0,0,48,48,4
splacona,300.0,30,mężczyzna,12,3400.0,0,19,38,0
splacona_cz,378.91,70,kobieta,13,1291.18,7,81,48,0
splacona_cz,300.0,62,mężczyzna,13,2000.0,0,36,48,0
splacona_cz,500.0,36,mężczyzna,11,3898.0,2,183,48,3
splacona_cz,600.0,80,mężczyzna,13,2547.0,1,197,48,0
splacona_cz,300.0,22,kobieta,12,1500.0,6,6,18,3
splacona_cz,299.23,52,kobieta,11,1400.0,3,163,48,0
splacona_cz,500.0,55,kobieta,12,1600.0,0,12,17,4
splacona_cz,500.0,29,kobieta,12,1447.0,7,24,36,3
splacona_cz,349.66,64,mężczyzna,13,1601.87,3,47,48,3
splacona_cz,300.0,53,kobieta,16,1740.0,0,116,48,0
splacona_cz,206.0,30,mężczyzna,12,1521.0,3,22,30,0
splacona,300.0,49,kobieta,11,992.84,7,123,48,0
splacona_cz,300.0,79,kobieta,13,1167.94,2,371,48,0
splacona_cz,200.0,54,kobieta,11,1400.0,7,119,48,2
splacona,300.0,46,mężczyzna,11,1360.0,3,122,48,0
splacona_cz,700.0,58,kobieta,13,1872.0,7,37,48,5
splacona,527.15,73,kobieta,13,951.0,6,164,48,58
splacona_cz,773.72,63,kobieta,13,860.0,1,82,48,0
splacona_cz,300.0,74,kobieta,13,1536.0,2,38,48,3
splacona_cz,200.0,53,kobieta,16,749.28,7,67,48,1
splacona,387.15,69,kobieta,16,1401.0,1,77,48,119
splacona_cz,400.0,65,mężczyzna,16,1473.04,4,167,48,1
splacona_cz,200.0,56,kobieta,98,980.0,6,12,48,0
splacona_cz,300.0,46,kobieta,12,1038.68,3,23,26,1
splacona_cz,300.0,71,mężczyzna,13,1426.0,7,79,48,1
splacona_cz,342.86,60,kobieta,13,1087.0,1,73,48,4
splacona_cz,200.0,57,kobieta,99,780.0,3,3,4,1
splacona,750.0,55,mężczyzna,16,588.0,0,424,48,11
splacona_cz,300.0,61,kobieta,13,1374.0,0,48,48,0
splacona_cz,249.3,57,kobieta,16,2100.0,2,41,48,1
splacona_cz,500.0,50,kobieta,17,990.0,3,74,48,1
splacona_cz,500.0,53,mężczyzna,11,2080.0,1,320,48,0
splacona_cz,300.0,46,kobieta,98,911.0,7,100,48,1
splacona_cz,472.7,62,kobieta,13,3700.0,7,29,48,1
windykacja,200.0,53,kobieta,12,984.34,6,20,20,4459
splacona_cz,400.0,60,mężczyzna,12,1000.0,7,14,26,4
splacona_cz,400.0,50,kobieta,12,1000.0,7,34,34,4
splacona_cz,300.0,63,kobieta,13,1100.0,4,107,48,1
splacona_cz,400.0,58,kobieta,16,1589.0,0,29,48,3
splacona_cz,300.0,65,kobieta,13,802.83,1,203,48,1
splacona_cz,600.0,64,kobieta,13,1233.0,0,126,48,0
splacona,300.0,75,mężczyzna,13,1180.0,0,143,48,0
splacona_cz,200.0,71,mężczyzna,13,1642.87,1,72,48,1
splacona_cz,200.0,41,kobieta,11,2505.0,1,167,48,0
splacona_cz,200.0,59,kobieta,16,634.0,6,54,48,0
splacona_cz,215.24,51,mężczyzna,16,1045.0,6,202,48,0
splacona_cz,400.0,61,kobieta,13,1500.0,3,63,48,0
splacona_cz,397.15,56,kobieta,16,2300.0,8,66,48,2
splacona,200.0,56,kobieta,16,2300.0,1,66,48,2
splacona,497.15,51,mężczyzna,16,2150.0,1,84,48,1
splacona_cz,741.52,34,kobieta,11,2200.0,3,40,48,0
splacona_cz,200.0,32,kobieta,12,980.0,7,13,15,9
splacona_cz,600.0,36,kobieta,11,2400.0,6,116,48,8
splacona_cz,500.0,63,kobieta,13,1900.0,1,91,48,4
splacona_cz,300.0,63,kobieta,13,714.0,0,225,48,0
splacona_cz,254.98,58,kobieta,16,634.64,6,139,48,8
splacona_cz,300.0,56,kobieta,11,2800.0,2,12,48,0
splacona_cz,300.0,57,kobieta,11,1187.06,0,136,48,0
splacona,500.0,43,mężczyzna,98,3014.0,0,105,48,4
splacona,200.0,69,kobieta,13,803.86,7,161,48,0
splacona_cz,200.0,63,mężczyzna,13,1162.0,7,224,48,0
splacona,252.16,60,kobieta,13,1658.0,7,32,48,0
splacona,800.0,66,mężczyzna,13,3040.0,0,204,48,1
splacona_cz,400.0,61,kobieta,13,1107.0,1,18,48,3
splacona_cz,800.0,56,kobieta,13,3440.0,7,54,48,0
splacona_cz,200.0,47,kobieta,12,990.34,0,59,48,0
splacona_cz,391.97,65,kobieta,13,1507.0,1,62,48,0
splacona_cz,200.0,61,kobieta,13,1635.0,7,123,48,3
splacona_cz,392.43,45,mężczyzna,12,1963.88,6,9,20,0
splacona,250.0,31,mężczyzna,12,1637.0,0,55,48,4
splacona_cz,276.26,55,mężczyzna,11,2100.0,4,41,48,0
splacona_cz,800.0,69,kobieta,13,2120.0,2,122,48,0
splacona_cz,300.0,55,kobieta,16,1500.0,2,5,48,6
splacona_cz,500.0,44,kobieta,11,1738.57,0,60,48,2
splacona,250.0,60,kobieta,13,1650.0,1,118,48,0
splacona_cz,299.72,63,kobieta,13,714.0,8,225,48,4
splacona_cz,438.67,51,kobieta,11,1577.42,0,208,48,2
splacona_cz,500.0,45,mężczyzna,12,1952.35,0,7,11,3
splacona,200.0,45,mężczyzna,11,2000.0,0,204,48,0
splacona_cz,400.0,63,kobieta,16,2084.79,1,144,48,2
splacona,500.0,28,kobieta,11,2100.0,0,26,48,0
splacona_cz,530.0,63,kobieta,13,1691.3,3,76,48,1
splacona_cz,400.0,69,kobieta,13,1017.0,0,164,48,0
splacona_cz,600.0,40,kobieta,11,1800.0,0,55,48,9
splacona_cz,278.98,39,kobieta,98,1200.0,7,49,48,0
splacona_cz,350.0,71,kobieta,13,729.03,8,260,48,1
splacona_cz,300.0,69,kobieta,13,1027.0,3,195,48,0
splacona_cz,300.0,71,kobieta,13,1000.0,4,67,48,0
splacona,300.0,64,mężczyzna,11,1660.0,0,53,48,0
splacona,300.0,27,mężczyzna,11,1459.0,4,12,48,8
splacona_cz,500.0,64,kobieta,13,3251.0,1,141,48,3
splacona_cz,664.48,64,kobieta,13,930.0,4,97,48,2
splacona,460.0,66,kobieta,13,1013.74,7,116,48,0
splacona,200.0,68,kobieta,13,720.19,5,96,48,2
splacona,500.0,61,kobieta,13,1212.0,7,57,48,0
splacona_cz,200.0,32,kobieta,12,1865.0,4,23,34,1
splacona_cz,400.0,71,kobieta,13,1016.0,0,192,48,0
splacona_cz,400.0,59,kobieta,11,1500.0,6,88,48,2
splacona_cz,600.0,73,kobieta,13,640.0,1,142,48,1
splacona_cz,584.58,66,kobieta,16,892.0,1,204,48,0
windykacja,367.31,62,kobieta,13,1684.0,6,23,48,4450
splacona_cz,400.0,61,kobieta,16,1411.0,4,69,48,3
splacona,400.0,57,kobieta,11,1730.13,0,196,48,12
splacona_cz,900.0,59,kobieta,17,684.0,7,193,48,0
splacona_cz,200.0,62,kobieta,13,997.0,7,82,48,0
splacona_cz,200.0,62,kobieta,13,975.0,7,30,48,8
splacona_cz,315.12,74,mężczyzna,13,960.0,7,143,48,1
splacona_cz,200.0,34,mężczyzna,11,1800.0,7,168,48,1
splacona_cz,300.0,43,kobieta,11,1286.16,0,120,48,4
splacona_cz,299.23,64,kobieta,16,1389.0,2,94,48,1
splacona_cz,500.0,42,kobieta,11,1870.0,0,113,48,0
splacona_cz,700.0,62,kobieta,13,2066.0,7,132,48,1
splacona_cz,265.58,63,kobieta,13,1189.0,7,73,48,1
splacona_cz,300.0,72,mężczyzna,13,562.0,3,84,48,1
splacona_cz,237.13,55,kobieta,16,1045.6,8,15,48,1
splacona_cz,200.0,56,mężczyzna,11,1460.17,4,64,48,1
splacona,281.84,47,kobieta,12,1032.0,7,41,48,12
splacona_cz,300.0,41,kobieta,12,1896.0,1,16,16,5
splacona_cz,300.0,40,kobieta,12,1027.0,7,12,48,4
splacona_cz,200.0,44,mężczyzna,11,2284.23,2,303,48,1
splacona_cz,325.58,53,kobieta,11,2065.98,0,182,48,5
splacona,286.26,50,mężczyzna,11,1400.0,0,17,48,203
splacona_cz,497.15,48,mężczyzna,12,600.0,8,12,27,1
splacona,300.0,55,kobieta,17,864.6,1,5,7,14
splacona_cz,700.0,68,kobieta,13,1431.0,0,250,48,7
splacona_cz,684.58,73,kobieta,13,2534.0,1,130,48,0
splacona,500.0,62,mężczyzna,16,837.0,0,234,48,0
splacona_cz,300.0,71,mężczyzna,13,1420.0,1,56,48,0
windykacja_sp,500.0,32,mężczyzna,11,2180.09,0,53,48,278
splacona_cz,500.0,54,mężczyzna,11,1320.0,7,345,48,0
splacona_cz,300.0,47,kobieta,11,900.0,7,96,48,4
splacona_cz,330.11,65,kobieta,13,840.0,5,116,48,5
splacona_cz,300.0,36,kobieta,12,1200.0,7,12,14,3
windykacja_sp,500.0,36,mężczyzna,11,1186.0,0,13,48,35
splacona_cz,200.0,32,mężczyzna,11,2000.0,1,8,48,0
splacona_cz,200.0,64,mężczyzna,13,1287.66,6,99,48,5
splacona,400.0,47,mężczyzna,99,1400.0,0,19,19,0
splacona_cz,600.0,56,kobieta,12,1350.0,1,25,25,17
splacona,476.83,62,mężczyzna,11,1250.0,0,68,48,14
windykacja,388.49,36,mężczyzna,11,1850.0,2,58,48,4447
windykacja_sp,200.0,43,mężczyzna,12,1500.0,0,38,48,269
splacona_cz,200.0,70,kobieta,16,959.6,7,118,48,0
splacona,400.0,35,kobieta,11,980.11,4,48,48,241
splacona_cz,389.72,55,kobieta,12,1000.0,1,48,48,2
splacona_cz,550.0,55,kobieta,12,1675.0,7,12,12,3
splacona_cz,282.28,49,mężczyzna,11,1600.0,1,345,48,3
splacona_cz,450.0,69,kobieta,13,1019.0,0,136,48,6
windykacja,500.0,51,mężczyzna,11,2400.0,1,255,48,4447
splacona,200.0,42,kobieta,11,1000.0,0,64,48,11
splacona_cz,200.0,73,kobieta,13,730.0,6,564,48,0
splacona,246.46,66,mężczyzna,13,1559.0,2,74,48,0
splacona,300.0,44,kobieta,11,1400.0,1,28,48,0
splacona,230.9,79,kobieta,13,1239.98,5,258,48,0
splacona,437.15,63,kobieta,13,820.0,2,34,48,0
splacona_cz,300.0,50,mężczyzna,13,3900.0,8,33,48,1
splacona_cz,276.75,53,kobieta,11,1050.0,6,37,48,0
splacona,600.0,73,mężczyzna,13,2612.0,0,85,48,0
splacona_cz,207.19,66,kobieta,13,1350.0,6,114,48,1
splacona_cz,300.0,74,kobieta,13,1412.0,1,207,48,0
splacona_cz,441.54,36,kobieta,98,4000.0,7,22,48,3
splacona_cz,247.28,58,kobieta,13,611.0,6,142,48,1
splacona_cz,300.0,71,kobieta,13,729.03,1,260,48,1
windykacja,200.0,46,kobieta,11,1344.9,6,49,48,4445
splacona_cz,202.28,61,mężczyzna,11,3000.0,8,215,48,1
splacona_cz,500.0,76,kobieta,13,1248.0,1,253,48,1
splacona_cz,500.0,61,kobieta,13,1000.0,7,71,48,1
splacona_cz,400.0,64,kobieta,13,917.0,1,79,48,0
splacona_cz,500.0,48,mężczyzna,13,864.34,2,159,48,0
splacona_cz,700.0,69,kobieta,16,980.0,1,134,48,6
splacona,300.0,51,mężczyzna,12,1000.0,5,46,48,0
splacona,300.0,63,mężczyzna,15,1100.79,0,93,48,0
splacona_cz,200.0,22,kobieta,12,700.0,0,3,5,0
splacona_cz,430.0,39,mężczyzna,11,2470.0,4,69,48,2
splacona_cz,300.0,67,mężczyzna,13,2110.0,1,104,48,7
splacona_cz,200.0,57,kobieta,11,1172.2,7,40,48,5
splacona_cz,350.0,55,kobieta,12,1700.0,8,58,48,0
splacona_cz,200.0,58,mężczyzna,11,1800.0,1,164,48,2
splacona,523.43,33,mężczyzna,11,2050.0,2,121,48,1
splacona_cz,624.85,52,kobieta,11,3200.0,7,57,48,5
splacona_cz,537.15,63,kobieta,13,962.0,3,68,48,0
splacona_cz,437.15,62,kobieta,13,1362.0,7,59,48,5
splacona_cz,600.0,44,kobieta,11,1443.0,2,37,48,1
splacona,200.0,21,mężczyzna,17,985.0,8,16,17,11
splacona_cz,235.97,66,mężczyzna,12,1100.0,7,25,36,0
splacona,200.0,76,kobieta,13,616.0,7,249,48,1
