GRADUATE;GENDER;COLLEGE;SALARY;DEGREE;GRADDATE
1;Mezczyzna;Inzynieria;28900;Licencjat;Jesien 89
2;Mezczyzna;Inzynieria;28000;Licencjat;Jesien 89
3;Mezczyzna;Rolnictwo;27500;Licencjat;Jesien 89
4;Mezczyzna;Inzynieria;30300;Licencjat;Jesien 89
5;Mezczyzna;Rolnictwo;18000;Licencjat;Jesien 89
6;Kobieta;Inzynieria;31700;Licencjat;Jesien 89
7;Mezczyzna;Budownictwo;26000;Licencjat;Jesien 89
8;Mezczyzna;Inzynieria;25000;Licencjat;Jesien 89
9;Kobieta;Rolnictwo;20000;Licencjat;Jesien 89
10;Mezczyzna;Rolnictwo;18000;Licencjat;Jesien 89
11;Mezczyzna;Administracja;23000;Licencjat;Jesien 89
12;Mezczyzna;Administracja;27600;Licencjat;Jesien 89
13;Mezczyzna;Inzynieria;32700;Licencjat;Jesien 89
14;Kobieta;Rolnictwo;21500;Licencjat;Jesien 89
15;Mezczyzna;Rolnictwo;25000;Licencjat;Jesien 89
16;Kobieta;Administracja;18000;Licencjat;Jesien 89
17;Mezczyzna;Inzynieria;38400;Licencjat;Jesien 89
18;Kobieta;Rolnictwo;26500;Licencjat;Jesien 89
19;Kobieta;Rolnictwo;26500;Licencjat;Jesien 89
20;Kobieta;Rolnictwo;31000;Licencjat;Jesien 89
21;Mezczyzna;Inzynieria;29000;Licencjat;Jesien 89
22;Mezczyzna;Inzynieria;32000;Licencjat;Jesien 89
23;Mezczyzna;Inzynieria;33500;Licencjat;Jesien 89
24;Mezczyzna;Inzynieria;27000;Licencjat;Jesien 89
25;Kobieta;Rolnictwo;29000;Licencjat;Jesien 89
26;Mezczyzna;Administracja;19000;Licencjat;Jesien 89
27;Kobieta;Sztuki piekne;20900;Licencjat;Jesien 89
28;Kobieta;Rolnictwo;29000;Licencjat;Jesien 89
29;Kobieta;Rolnictwo;35300;Licencjat;Jesien 89
30;Kobieta;Rolnictwo;24200;Licencjat;Jesien 89
31;Mezczyzna;Budownictwo;41000;Licencjat;Jesien 89
32;Mezczyzna;Inzynieria;36300;Licencjat;Jesien 89
33;Kobieta;Pedagogika;23000;Licencjat;Jesien 89
34;Mezczyzna;Administracja;25000;Licencjat;Jesien 89
35;Mezczyzna;Administracja;18200;Licencjat;Jesien 89
36;Mezczyzna;Inzynieria;25400;Licencjat;Jesien 89
37;Mezczyzna;Rolnictwo;24000;Licencjat;Jesien 89
38;Kobieta;Rolnictwo;20000;Licencjat;Jesien 89
39;Kobieta;Administracja;22000;Licencjat;Jesien 89
40;Kobieta;Inzynieria;32000;Licencjat;Jesien 89
41;Mezczyzna;Inzynieria;28200;Licencjat;Jesien 89
42;Mezczyzna;Rolnictwo;15000;Licencjat;Jesien 89
43;Kobieta;Rolnictwo;27000;Licencjat;Jesien 89
44;Mezczyzna;Administracja;30000;Licencjat;Jesien 89
45;Kobieta;Administracja;18800;Licencjat;Jesien 89
46;Kobieta;Administracja;21500;Licencjat;Jesien 89
47;Mezczyzna;Budownictwo;23000;Licencjat;Jesien 89
48;Kobieta;Inzynieria;25500;Licencjat;Jesien 89
49;Mezczyzna;Administracja;25000;Licencjat;Jesien 89
50;Kobieta;Rolnictwo;13500;Licencjat;Jesien 89
51;Mezczyzna;Administracja;23600;Licencjat;Jesien 89
52;Kobieta;Administracja;19000;Licencjat;Jesien 89
53;Mezczyzna;Inzynieria;30600;Licencjat;Jesien 89
54;Mezczyzna;Rolnictwo;27500;Licencjat;Jesien 89
55;Kobieta;Rolnictwo;26300;Licencjat;Jesien 89
56;Kobieta;Administracja;30000;Licencjat;Jesien 89
57;Mezczyzna;Administracja;24000;Licencjat;Jesien 89
58;Mezczyzna;Inzynieria;28000;Licencjat;Jesien 89
59;Mezczyzna;Inzynieria;27100;Licencjat;Jesien 89
60;Mezczyzna;Inzynieria;26400;Licencjat;Jesien 89
61;Kobieta;Rolnictwo;15000;Licencjat;Jesien 89
62;Kobieta;Rolnictwo;25000;Licencjat;Jesien 89
63;Mezczyzna;Rolnictwo;27000;Licencjat;Jesien 89
64;Mezczyzna;Administracja;24500;Licencjat;Jesien 89
65;Kobieta;Administracja;24500;Licencjat;Jesien 89
66;Mezczyzna;Rolnictwo;18300;Licencjat;Jesien 89
67;Mezczyzna;Inzynieria;24500;Licencjat;Jesien 89
68;Mezczyzna;Inzynieria;30100;Licencjat;Jesien 89
69;Kobieta;Administracja;25800;Licencjat;Jesien 89
70;Mezczyzna;Budownictwo;27300;Licencjat;Jesien 89
71;Kobieta;Administracja;19000;Licencjat;Jesien 89
72;Mezczyzna;Administracja;26500;Licencjat;Jesien 89
73;Mezczyzna;Inzynieria;32000;Licencjat;Jesien 89
74;Mezczyzna;Rolnictwo;20000;Licencjat;Jesien 89
75;Mezczyzna;Administracja;12500;Licencjat;Jesien 89
76;Kobieta;Rolnictwo;16000;Licencjat;Jesien 89
77;Kobieta;Rolnictwo;31600;Licencjat;Jesien 89
78;Mezczyzna;Budownictwo;30000;Licencjat;Jesien 89
79;Mezczyzna;Inzynieria;30600;Licencjat;Jesien 89
80;Mezczyzna;Inzynieria;31800;Licencjat;Jesien 89
81;Kobieta;Administracja;19000;Licencjat;Jesien 89
82;Kobieta;Administracja;22500;Licencjat;Jesien 89
83;Kobieta;Administracja;13000;Licencjat;Jesien 89
84;Mezczyzna;Rolnictwo;17000;Licencjat;Jesien 89
85;Kobieta;Rolnictwo;30400;Licencjat;Jesien 89
86;Mezczyzna;Budownictwo;28500;Licencjat;Jesien 89
87;Mezczyzna;Administracja;23000;Licencjat;Jesien 89
88;Mezczyzna;Administracja;25000;Licencjat;Jesien 89
89;Mezczyzna;Administracja;28000;Licencjat;Jesien 89
90;Kobieta;Pedagogika;35000;Licencjat;Jesien 89
91;Mezczyzna;Budownictwo;28600;Licencjat;Jesien 89
92;Kobieta;Leœnictwo;14500;Licencjat;Jesien 89
93;Mezczyzna;Administracja;23600;Licencjat;Jesien 89
94;Mezczyzna;Rolnictwo;32000;Licencjat;Jesien 89
95;Mezczyzna;Inzynieria;28400;Licencjat;Jesien 89
96;Mezczyzna;Inzynieria;31700;Licencjat;Jesien 89
97;Kobieta;Rolnictwo;32000;Licencjat;Jesien 89
98;Kobieta;Rolnictwo;20000;Licencjat;Jesien 89
99;Mezczyzna;Inzynieria;32400;Licencjat;Jesien 89
100;Kobieta;Administracja;19500;Licencjat;Jesien 89
101;Mezczyzna;Inzynieria;30000;Licencjat;Jesien 89
102;Mezczyzna;Administracja;25000;Licencjat;Jesien 89
103;Mezczyzna;Rolnictwo;29000;Licencjat;Jesien 89
104;Mezczyzna;Architektura;23000;Licencjat;Jesien 89
105;Mezczyzna;Budownictwo;28500;Licencjat;Jesien 89
106;Mezczyzna;Inzynieria;34300;Licencjat;Jesien 89
107;Kobieta;Inzynieria;26000;Licencjat;Jesien 89
108;Mezczyzna;Rolnictwo;17000;Licencjat;Jesien 89
109;Mezczyzna;Inzynieria;31000;Licencjat;Jesien 89
110;Kobieta;Rolnictwo;18700;Licencjat;Jesien 89
111;Kobieta;Rolnictwo;17000;Licencjat;Jesien 89
112;Kobieta;Inzynieria;32300;Licencjat;Jesien 89
113;Mezczyzna;Budownictwo;23000;Licencjat;Jesien 89
114;Kobieta;Rolnictwo;16000;Licencjat;Jesien 89
115;Mezczyzna;Administracja;27500;Licencjat;Jesien 89
116;Kobieta;Rolnictwo;23800;Licencjat;Jesien 89
117;Mezczyzna;Inzynieria;36000;Licencjat;Jesien 89
118;Mezczyzna;Rolnictwo;17400;Licencjat;Jesien 89
119;Mezczyzna;Inzynieria;22000;Licencjat;Jesien 89
120;Mezczyzna;Administracja;23500;Licencjat;Jesien 89
121;Mezczyzna;Inzynieria;35000;Licencjat;Jesien 89
122;Mezczyzna;Inzynieria;32600;Licencjat;Jesien 89
123;Mezczyzna;Inzynieria;25300;Licencjat;Jesien 89
124;Mezczyzna;Inzynieria;23000;Licencjat;Jesien 89
125;Mezczyzna;Pedagogika;19800;Licencjat;Jesien 89
126;Mezczyzna;Administracja;28500;Licencjat;Jesien 89
127;Mezczyzna;Rolnictwo;18000;Licencjat;Jesien 89
128;Mezczyzna;Administracja;27000;Licencjat;Jesien 89
129;Kobieta;Rolnictwo;22000;Licencjat;Jesien 89
130;Kobieta;Rolnictwo;24700;Licencjat;Jesien 89
131;Kobieta;Inzynieria;35400;Licencjat;Jesien 89
132;Mezczyzna;Inzynieria;33600;Licencjat;Jesien 89
133;Kobieta;Rolnictwo;19500;Licencjat;Jesien 89
134;Mezczyzna;Budownictwo;26000;Licencjat;Jesien 89
135;Mezczyzna;Rolnictwo;25000;Licencjat;Jesien 89
136;Mezczyzna;Administracja;27000;Licencjat;Jesien 89
137;Mezczyzna;Administracja;23500;Licencjat;Jesien 89
138;Mezczyzna;Rolnictwo;15000;Licencjat;Jesien 89
139;Kobieta;Rolnictwo;11000;Licencjat;Jesien 89
140;Mezczyzna;Rolnictwo;27000;Licencjat;Jesien 89
141;Mezczyzna;Inzynieria;25500;Licencjat;Jesien 89
142;Mezczyzna;Administracja;23000;Licencjat;Jesien 89
143;Kobieta;Administracja;23000;Licencjat;Jesien 89
144;Mezczyzna;Inzynieria;30800;Licencjat;Jesien 89
145;Mezczyzna;Leœnictwo;23500;Licencjat;Jesien 89
146;Mezczyzna;Architektura;22000;Licencjat;Jesien 89
147;Kobieta;Administracja;23000;Licencjat;Jesien 89
148;Mezczyzna;Rolnictwo;16500;Licencjat;Jesien 89
149;Mezczyzna;Rolnictwo;22100;Licencjat;Jesien 89
150;Mezczyzna;Inzynieria;36300;Licencjat;Jesien 89
151;Mezczyzna;Rolnictwo;21600;Licencjat;Jesien 89
152;Kobieta;Inzynieria;33600;Licencjat;Jesien 89
153;Mezczyzna;Inzynieria;32600;Licencjat;Jesien 89
154;Kobieta;Rolnictwo;14600;Licencjat;Jesien 89
155;Mezczyzna;Administracja;23000;Licencjat;Jesien 89
156;Mezczyzna;Budownictwo;30000;Licencjat;Jesien 89
157;Kobieta;Rolnictwo;24000;Licencjat;Jesien 89
158;Kobieta;Rolnictwo;30800;Licencjat;Jesien 89
159;Mezczyzna;Administracja;32000;Licencjat;Jesien 89
160;Kobieta;Administracja;20000;Licencjat;Jesien 89
161;Mezczyzna;Inzynieria;32000;Licencjat;Jesien 89
162;Mezczyzna;Administracja;19500;Licencjat;Jesien 89
163;Mezczyzna;Administracja;26000;Licencjat;Jesien 89
164;Kobieta;Rolnictwo;21000;Licencjat;Jesien 89
165;Mezczyzna;Administracja;22500;Licencjat;Jesien 89
166;Kobieta;Administracja;20000;Licencjat;Jesien 89
167;Kobieta;Inzynieria;30600;Licencjat;Jesien 89
168;Mezczyzna;Inzynieria;37200;Licencjat;Jesien 89
169;Mezczyzna;Rolnictwo;19000;Licencjat;Jesien 89
170;Mezczyzna;Inzynieria;34000;Licencjat;Jesien 89
171;Mezczyzna;Rolnictwo;20100;Licencjat;Jesien 89
172;Mezczyzna;Inzynieria;33000;Licencjat;Jesien 89
173;Mezczyzna;Rolnictwo;14400;Licencjat;Jesien 89
174;Mezczyzna;Inzynieria;20000;Licencjat;Jesien 89
175;Mezczyzna;Administracja;21000;Licencjat;Jesien 89
176;Mezczyzna;Inzynieria;31700;Licencjat;Jesien 89
177;Kobieta;Administracja;23000;Licencjat;Jesien 89
178;Kobieta;Rolnictwo;17000;Licencjat;Jesien 89
179;Kobieta;Inzynieria;29500;Licencjat;Jesien 89
180;Kobieta;Administracja;28500;Licencjat;Jesien 89
181;Mezczyzna;Budownictwo;27600;Licencjat;Jesien 89
182;Kobieta;Architektura;25000;Licencjat;Jesien 89
183;Mezczyzna;Administracja;25000;Licencjat;Jesien 89
184;Kobieta;Administracja;25500;Licencjat;Jesien 89
185;Mezczyzna;Rolnictwo;21000;Licencjat;Jesien 89
186;Mezczyzna;Rolnictwo;24000;Licencjat;Jesien 89
187;Kobieta;Rolnictwo;30200;Licencjat;Jesien 89
188;Kobieta;Inzynieria;32000;Licencjat;Jesien 89
189;Mezczyzna;Administracja;20000;Licencjat;Jesien 89
190;Mezczyzna;Inzynieria;35000;Licencjat;Jesien 89
191;Mezczyzna;Rolnictwo;21000;Licencjat;Jesien 89
192;Mezczyzna;Rolnictwo;22000;Licencjat;Jesien 89
193;Mezczyzna;Inzynieria;34000;Licencjat;Jesien 89
194;Kobieta;Rolnictwo;20000;Licencjat;Jesien 89
195;Kobieta;Inzynieria;8500;Licencjat;Jesien 89
196;Mezczyzna;Rolnictwo;15000;Licencjat;Jesien 89
197;Mezczyzna;Budownictwo;29100;Licencjat;Jesien 89
198;Kobieta;Administracja;26000;Licencjat;Jesien 89
199;Mezczyzna;Administracja;28500;Licencjat;Jesien 89
200;Mezczyzna;Inzynieria;33600;Licencjat;Jesien 89
201;Mezczyzna;Budownictwo;27000;Licencjat;Jesien 89
202;Mezczyzna;Administracja;29000;Licencjat;Jesien 89
203;Kobieta;Administracja;27600;Licencjat;Jesien 89
204;Mezczyzna;Budownictwo;21000;Licencjat;Jesien 89
205;Mezczyzna;Administracja;28500;Licencjat;Jesien 89
206;Kobieta;Administracja;23000;Licencjat;Jesien 89
207;Mezczyzna;Budownictwo;26000;Licencjat;Jesien 89
208;Mezczyzna;Administracja;43000;Licencjat;Jesien 89
209;Kobieta;Rolnictwo;19000;Licencjat;Jesien 89
210;Mezczyzna;Inzynieria;33500;Licencjat;Jesien 89
211;Mezczyzna;Inzynieria;32000;Licencjat;Jesien 89
212;Kobieta;Rolnictwo;30400;Licencjat;Jesien 89
213;Kobieta;Rolnictwo;21500;Licencjat;Jesien 89
214;Kobieta;Rolnictwo;9000;Licencjat;Jesien 89
215;Mezczyzna;Rolnictwo;29000;Licencjat;Jesien 89
216;Mezczyzna;Administracja;25025;Licencjat;Jesien 89
217;Mezczyzna;Inzynieria;31000;Licencjat;Jesien 89
218;Mezczyzna;Administracja;26000;Licencjat;Jesien 89
219;Kobieta;Rolnictwo;22100;Licencjat;Jesien 89
220;Mezczyzna;Administracja;18000;Licencjat;Jesien 89
221;Kobieta;Administracja;26000;Licencjat;Jesien 89
222;Mezczyzna;Administracja;25000;Licencjat;Jesien 89
223;Mezczyzna;Rolnictwo;24000;Licencjat;Jesien 89
224;Kobieta;Rolnictwo;17000;Licencjat;Jesien 89
225;Kobieta;Inzynieria;26800;Licencjat;Jesien 89
226;Mezczyzna;Rolnictwo;21000;Licencjat;Jesien 89
227;Kobieta;Inzynieria;25500;Licencjat;Jesien 89
228;Mezczyzna;Inzynieria;26500;Licencjat;Jesien 89
229;Kobieta;Inzynieria;32100;Licencjat;Jesien 89
230;Kobieta;Rolnictwo;26000;Licencjat;Jesien 89
231;Kobieta;Rolnictwo;18500;Licencjat;Jesien 89
232;Kobieta;Inzynieria;35500;Licencjat;Jesien 89
233;Mezczyzna;Administracja;29000;Licencjat;Jesien 89
234;Mezczyzna;Administracja;28000;Licencjat;Jesien 89
235;Mezczyzna;Inzynieria;44000;Licencjat;Jesien 89
236;Mezczyzna;Inzynieria;31200;Licencjat;Jesien 89
237;Mezczyzna;Administracja;20800;Licencjat;Jesien 89
238;Mezczyzna;Rolnictwo;30100;Licencjat;Jesien 89
239;Kobieta;Administracja;22500;Licencjat;Jesien 89
240;Mezczyzna;Rolnictwo;28700;Licencjat;Jesien 89
241;Kobieta;Rolnictwo;15600;Licencjat;Jesien 89
242;Kobieta;Rolnictwo;12000;Licencjat;Jesien 89
243;Kobieta;Administracja;20000;Licencjat;Jesien 89
244;Mezczyzna;Inzynieria;32000;Licencjat;Jesien 89
245;Mezczyzna;Administracja;22000;Licencjat;Jesien 89
246;Kobieta;Inzynieria;34000;Licencjat;Jesien 89
247;Kobieta;Pedagogika;22000;Licencjat;Jesien 89
248;Mezczyzna;Administracja;22500;Licencjat;Jesien 89
249;Kobieta;Administracja;23000;Licencjat;Jesien 89
250;Mezczyzna;Administracja;25900;Licencjat;Jesien 89
251;Mezczyzna;Administracja;25000;Licencjat;Jesien 89
252;Mezczyzna;Administracja;22000;Licencjat;Jesien 89
253;Mezczyzna;Inzynieria;28300;Licencjat;Jesien 89
254;Mezczyzna;Rolnictwo;22500;Licencjat;Jesien 89
255;Mezczyzna;Administracja;22000;Licencjat;Jesien 89
256;Mezczyzna;Administracja;19000;Licencjat;Jesien 89
257;Kobieta;Rolnictwo;22500;Licencjat;Jesien 89
258;Mezczyzna;Administracja;22000;Licencjat;Jesien 89
259;Kobieta;Rolnictwo;22000;Licencjat;Wiosna 90
260;Mezczyzna;Budownictwo;27500;Licencjat;Wiosna 90
261;Mezczyzna;Rolnictwo;20000;Licencjat;Wiosna 90
262;Mezczyzna;Administracja;35000;Licencjat;Wiosna 90
263;Mezczyzna;Inzynieria;21100;Licencjat;Wiosna 90
264;Kobieta;Inzynieria;28500;Licencjat;Wiosna 90
265;Mezczyzna;Rolnictwo;16300;Licencjat;Wiosna 90
266;Mezczyzna;Inzynieria;27400;Licencjat;Wiosna 90
267;Kobieta;Rolnictwo;24000;Licencjat;Wiosna 90
268;Mezczyzna;Inzynieria;36600;Licencjat;Wiosna 90
269;Mezczyzna;Rolnictwo;19200;Licencjat;Wiosna 90
270;Kobieta;Rolnictwo;20000;Licencjat;Wiosna 90
271;Kobieta;Rolnictwo;45000;Licencjat;Wiosna 90
272;Kobieta;Budownictwo;26400;Licencjat;Wiosna 90
273;Kobieta;Rolnictwo;24700;Licencjat;Wiosna 90
274;Mezczyzna;Inzynieria;28000;Licencjat;Wiosna 90
275;Mezczyzna;Administracja;15000;Licencjat;Wiosna 90
276;Kobieta;Rolnictwo;44000;Licencjat;Wiosna 90
277;Mezczyzna;Rolnictwo;16000;Licencjat;Wiosna 90
278;Kobieta;Administracja;28800;Licencjat;Wiosna 90
279;Kobieta;Rolnictwo;28000;Licencjat;Wiosna 90
280;Mezczyzna;Administracja;29000;Licencjat;Wiosna 90
281;Kobieta;Administracja;29500;Licencjat;Wiosna 90
282;Mezczyzna;Inzynieria;38500;Licencjat;Wiosna 90
283;Kobieta;Rolnictwo;25000;Licencjat;Wiosna 90
284;Kobieta;Inzynieria;36200;Licencjat;Wiosna 90
285;Mezczyzna;Administracja;21000;Licencjat;Wiosna 90
286;Kobieta;Administracja;32500;Licencjat;Wiosna 90
287;Mezczyzna;Inzynieria;31800;Licencjat;Wiosna 90
288;Mezczyzna;Budownictwo;27100;Licencjat;Wiosna 90
289;Mezczyzna;Rolnictwo;10000;Licencjat;Wiosna 90
290;Mezczyzna;Inzynieria;32200;Licencjat;Wiosna 90
291;Kobieta;Administracja;28000;Licencjat;Wiosna 90
292;Kobieta;Administracja;20000;Licencjat;Wiosna 90
293;Mezczyzna;Administracja;21500;Licencjat;Wiosna 90
294;Mezczyzna;Administracja;22000;Licencjat;Wiosna 90
295;Mezczyzna;Rolnictwo;24000;Licencjat;Wiosna 90
296;Mezczyzna;Administracja;29000;Licencjat;Wiosna 90
297;Kobieta;Administracja;40000;Licencjat;Wiosna 90
298;Mezczyzna;Administracja;21000;Licencjat;Wiosna 90
299;Mezczyzna;Administracja;40000;Licencjat;Wiosna 90
300;Mezczyzna;Inzynieria;33000;Licencjat;Wiosna 90
301;Mezczyzna;Inzynieria;25600;Licencjat;Wiosna 90
302;Mezczyzna;Inzynieria;33000;Licencjat;Wiosna 90
303;Mezczyzna;Administracja;24000;Licencjat;Wiosna 90
304;Kobieta;Rolnictwo;27600;Licencjat;Wiosna 90
305;Kobieta;Administracja;29000;Licencjat;Wiosna 90
306;Kobieta;Rolnictwo;29900;Licencjat;Wiosna 90
307;Mezczyzna;Administracja;20000;Licencjat;Wiosna 90
308;Kobieta;Rolnictwo;18000;Licencjat;Wiosna 90
309;Mezczyzna;Administracja;22000;Licencjat;Wiosna 90
310;Mezczyzna;Inzynieria;33000;Licencjat;Wiosna 90
311;Kobieta;Rolnictwo;23000;Licencjat;Wiosna 90
312;Kobieta;Rolnictwo;27300;Licencjat;Wiosna 90
313;Kobieta;Administracja;23000;Licencjat;Wiosna 90
314;Kobieta;Administracja;28000;Licencjat;Wiosna 90
315;Kobieta;Rolnictwo;25000;Licencjat;Wiosna 90
316;Mezczyzna;Administracja;13000;Licencjat;Wiosna 90
317;Kobieta;Administracja;20000;Licencjat;Wiosna 90
318;Mezczyzna;Inzynieria;30000;Licencjat;Wiosna 90
319;Mezczyzna;Inzynieria;33200;Licencjat;Wiosna 90
320;Kobieta;Administracja;24000;Licencjat;Wiosna 90
321;Kobieta;Rolnictwo;22000;Licencjat;Wiosna 90
322;Mezczyzna;Administracja;25000;Licencjat;Wiosna 90
323;Mezczyzna;Inzynieria;29100;Licencjat;Wiosna 90
324;Mezczyzna;Administracja;27600;Licencjat;Wiosna 90
325;Mezczyzna;Inzynieria;30600;Licencjat;Wiosna 90
326;Mezczyzna;Administracja;24000;Licencjat;Wiosna 90
327;Mezczyzna;Rolnictwo;47000;Licencjat;Wiosna 90
328;Mezczyzna;Inzynieria;25000;Licencjat;Wiosna 90
329;Mezczyzna;Budownictwo;28000;Licencjat;Wiosna 90
330;Kobieta;Rolnictwo;27000;Licencjat;Wiosna 90
331;Mezczyzna;Inzynieria;35000;Licencjat;Wiosna 90
332;Kobieta;Administracja;26000;Licencjat;Wiosna 90
333;Kobieta;Rolnictwo;24600;Licencjat;Wiosna 90
334;Kobieta;Rolnictwo;17000;Licencjat;Wiosna 90
335;Mezczyzna;Administracja;28500;Licencjat;Wiosna 90
336;Kobieta;Rolnictwo;22000;Licencjat;Wiosna 90
337;Mezczyzna;Inzynieria;32000;Licencjat;Wiosna 90
338;Kobieta;Inzynieria;30000;Licencjat;Wiosna 90
339;Mezczyzna;Rolnictwo;25500;Licencjat;Wiosna 90
340;Kobieta;Administracja;19000;Licencjat;Wiosna 90
341;Mezczyzna;Inzynieria;12000;Licencjat;Wiosna 90
342;Kobieta;Rolnictwo;12600;Licencjat;Wiosna 90
343;Kobieta;Pedagogika;25500;Licencjat;Wiosna 90
344;Mezczyzna;Inzynieria;26300;Licencjat;Wiosna 90
345;Kobieta;Administracja;21000;Licencjat;Wiosna 90
346;Mezczyzna;Inzynieria;31000;Licencjat;Wiosna 90
347;Kobieta;Rolnictwo;25000;Licencjat;Wiosna 90
348;Mezczyzna;Administracja;30000;Licencjat;Wiosna 90
349;Mezczyzna;Inzynieria;26400;Licencjat;Wiosna 90
350;Mezczyzna;Inzynieria;31500;Licencjat;Wiosna 90
351;Mezczyzna;Inzynieria;32400;Licencjat;Wiosna 90
352;Mezczyzna;Administracja;24000;Licencjat;Wiosna 90
353;Mezczyzna;Rolnictwo;24000;Licencjat;Wiosna 90
354;Mezczyzna;Inzynieria;33600;Licencjat;Wiosna 90
355;Kobieta;Rolnictwo;20000;Licencjat;Wiosna 90
356;Mezczyzna;Budownictwo;28000;Licencjat;Wiosna 90
357;Mezczyzna;Rolnictwo;25200;Licencjat;Wiosna 90
358;Mezczyzna;Rolnictwo;20000;Licencjat;Wiosna 90
359;Mezczyzna;Rolnictwo;23000;Licencjat;Wiosna 90
360;Mezczyzna;Inzynieria;31500;Licencjat;Wiosna 90
361;Kobieta;Administracja;27500;Licencjat;Wiosna 90
362;Mezczyzna;Inzynieria;35400;Licencjat;Wiosna 90
363;Kobieta;Administracja;28000;Licencjat;Wiosna 90
364;Mezczyzna;Budownictwo;24500;Licencjat;Wiosna 90
365;Mezczyzna;Inzynieria;33800;Licencjat;Wiosna 90
366;Kobieta;Administracja;27000;Licencjat;Wiosna 90
367;Mezczyzna;Inzynieria;30600;Licencjat;Wiosna 90
368;Mezczyzna;Inzynieria;34200;Licencjat;Wiosna 90
369;Mezczyzna;Budownictwo;28000;Licencjat;Wiosna 90
370;Mezczyzna;Inzynieria;30900;Licencjat;Wiosna 90
371;Kobieta;Rolnictwo;31200;Licencjat;Wiosna 90
372;Mezczyzna;Inzynieria;31200;Licencjat;Wiosna 90
373;Kobieta;Rolnictwo;24000;Licencjat;Wiosna 90
374;Mezczyzna;Inzynieria;35200;Licencjat;Wiosna 90
375;Mezczyzna;Inzynieria;26300;Licencjat;Wiosna 90
376;Kobieta;Inzynieria;33000;Licencjat;Wiosna 90
377;Kobieta;Administracja;25000;Licencjat;Wiosna 90
378;Kobieta;Inzynieria;34800;Licencjat;Wiosna 90
379;Mezczyzna;Rolnictwo;19500;Licencjat;Wiosna 90
380;Mezczyzna;Rolnictwo;28000;Licencjat;Wiosna 90
381;Kobieta;Budownictwo;30000;Licencjat;Wiosna 90
382;Mezczyzna;Inzynieria;32100;Licencjat;Wiosna 90
383;Mezczyzna;Inzynieria;32400;Licencjat;Wiosna 90
384;Mezczyzna;Administracja;23000;Licencjat;Wiosna 90
385;Mezczyzna;Rolnictwo;17000;Licencjat;Wiosna 90
386;Kobieta;Rolnictwo;30000;Licencjat;Wiosna 90
387;Mezczyzna;Rolnictwo;15000;Licencjat;Wiosna 90
388;Kobieta;Rolnictwo;13000;Licencjat;Wiosna 90
389;Mezczyzna;Administracja;25000;Licencjat;Wiosna 90
390;Mezczyzna;Rolnictwo;20000;Licencjat;Wiosna 90
391;Kobieta;Administracja;23000;Licencjat;Wiosna 90
392;Mezczyzna;Inzynieria;30700;Licencjat;Wiosna 90
393;Mezczyzna;Administracja;20000;Licencjat;Wiosna 90
394;Kobieta;Pedagogika;26000;Licencjat;Wiosna 90
395;Mezczyzna;Inzynieria;33000;Licencjat;Wiosna 90
396;Kobieta;Budownictwo;36400;Licencjat;Wiosna 90
397;Kobieta;Administracja;19000;Licencjat;Wiosna 90
398;Kobieta;Administracja;20000;Licencjat;Wiosna 90
399;Mezczyzna;Budownictwo;28100;Licencjat;Wiosna 90
400;Mezczyzna;Architektura;23200;Licencjat;Wiosna 90
401;Mezczyzna;Rolnictwo;20000;Licencjat;Wiosna 90
402;Mezczyzna;Architektura;12000;Licencjat;Wiosna 90
403;Kobieta;Rolnictwo;18000;Licencjat;Wiosna 90
404;Mezczyzna;Inzynieria;31500;Licencjat;Wiosna 90
405;Kobieta;Rolnictwo;16000;Licencjat;Wiosna 90
406;Mezczyzna;Administracja;42000;Licencjat;Wiosna 90
407;Mezczyzna;Inzynieria;36400;Licencjat;Wiosna 90
408;Kobieta;Rolnictwo;20000;Licencjat;Wiosna 90
409;Mezczyzna;Rolnictwo;30000;Licencjat;Wiosna 90
410;Kobieta;Rolnictwo;20000;Licencjat;Wiosna 90
411;Mezczyzna;Administracja;33500;Licencjat;Wiosna 90
412;Mezczyzna;Rolnictwo;15000;Licencjat;Wiosna 90
413;Kobieta;Rolnictwo;27000;Licencjat;Wiosna 90
414;Mezczyzna;Administracja;27000;Licencjat;Wiosna 90
415;Kobieta;Administracja;27000;Licencjat;Wiosna 90
416;Mezczyzna;Rolnictwo;17000;Licencjat;Wiosna 90
417;Kobieta;Rolnictwo;20000;Licencjat;Wiosna 90
418;Mezczyzna;Budownictwo;28000;Licencjat;Wiosna 90
419;Kobieta;Rolnictwo;17000;Licencjat;Wiosna 90
420;Mezczyzna;Budownictwo;27000;Licencjat;Wiosna 90
421;Mezczyzna;Inzynieria;8400;Licencjat;Wiosna 90
422;Kobieta;Rolnictwo;27900;Licencjat;Wiosna 90
423;Mezczyzna;Budownictwo;25000;Licencjat;Wiosna 90
424;Mezczyzna;Administracja;17000;Licencjat;Wiosna 90
425;Mezczyzna;Inzynieria;36000;Licencjat;Wiosna 90
426;Mezczyzna;Inzynieria;27500;Licencjat;Wiosna 90
427;Kobieta;Rolnictwo;30000;Licencjat;Wiosna 90
428;Mezczyzna;Inzynieria;25500;Licencjat;Wiosna 90
429;Mezczyzna;Rolnictwo;16600;Licencjat;Wiosna 90
430;Kobieta;Administracja;23000;Licencjat;Wiosna 90
431;Kobieta;Inzynieria;31400;Licencjat;Wiosna 90
432;Mezczyzna;Budownictwo;28600;Licencjat;Wiosna 90
433;Kobieta;Rolnictwo;30000;Licencjat;Wiosna 90
434;Mezczyzna;Inzynieria;26200;Licencjat;Wiosna 90
435;Mezczyzna;Inzynieria;26500;Licencjat;Wiosna 90
436;Kobieta;Rolnictwo;20000;Licencjat;Wiosna 90
437;Kobieta;Administracja;26500;Licencjat;Wiosna 90
438;Mezczyzna;Rolnictwo;25000;Licencjat;Wiosna 90
439;Kobieta;Pedagogika;20000;Licencjat;Wiosna 90
440;Mezczyzna;Inzynieria;30400;Licencjat;Wiosna 90
441;Kobieta;Rolnictwo;21000;Licencjat;Wiosna 90
442;Mezczyzna;Inzynieria;31200;Licencjat;Wiosna 90
443;Kobieta;Rolnictwo;17000;Licencjat;Wiosna 90
444;Mezczyzna;Inzynieria;32200;Licencjat;Wiosna 90
445;Kobieta;Rolnictwo;13800;Licencjat;Wiosna 90
446;Mezczyzna;Rolnictwo;18000;Licencjat;Wiosna 90
447;Kobieta;Rolnictwo;25000;Licencjat;Wiosna 90
448;Mezczyzna;Budownictwo;31500;Licencjat;Wiosna 90
449;Mezczyzna;Inzynieria;29000;Licencjat;Wiosna 90
450;Kobieta;Rolnictwo;33400;Licencjat;Wiosna 90
451;Mezczyzna;Inzynieria;32200;Licencjat;Wiosna 90
452;Mezczyzna;Rolnictwo;32000;Licencjat;Wiosna 90
453;Kobieta;Rolnictwo;26000;Licencjat;Wiosna 90
454;Mezczyzna;Inzynieria;31300;Licencjat;Wiosna 90
455;Mezczyzna;Rolnictwo;17500;Licencjat;Wiosna 90
456;Mezczyzna;Architektura;20000;Licencjat;Wiosna 90
457;Mezczyzna;Budownictwo;30000;Licencjat;Wiosna 90
458;Mezczyzna;Rolnictwo;25000;Licencjat;Wiosna 90
459;Mezczyzna;Rolnictwo;52000;Licencjat;Wiosna 90
460;Kobieta;Rolnictwo;27000;Licencjat;Wiosna 90
461;Mezczyzna;Budownictwo;25500;Licencjat;Wiosna 90
462;Mezczyzna;Budownictwo;30000;Licencjat;Wiosna 90
463;Kobieta;Rolnictwo;26000;Licencjat;Wiosna 90
464;Mezczyzna;Inzynieria;35300;Licencjat;Wiosna 90
465;Mezczyzna;Rolnictwo;19000;Licencjat;Wiosna 90
466;Mezczyzna;Inzynieria;36000;Licencjat;Wiosna 90
467;Kobieta;Rolnictwo;10000;Licencjat;Wiosna 90
468;Kobieta;Rolnictwo;29200;Licencjat;Wiosna 90
469;Kobieta;Rolnictwo;24200;Licencjat;Wiosna 90
470;Kobieta;Rolnictwo;21100;Licencjat;Wiosna 90
471;Kobieta;Inzynieria;25000;Licencjat;Wiosna 90
472;Mezczyzna;Inzynieria;35400;Licencjat;Wiosna 90
473;Mezczyzna;Inzynieria;32700;Licencjat;Wiosna 90
474;Kobieta;Rolnictwo;12000;Licencjat;Wiosna 90
475;Kobieta;Rolnictwo;20000;Licencjat;Wiosna 90
476;Mezczyzna;Administracja;30000;Licencjat;Wiosna 90
477;Mezczyzna;Administracja;34000;Licencjat;Wiosna 90
478;Kobieta;Administracja;25000;Licencjat;Wiosna 90
479;Mezczyzna;Administracja;23000;Licencjat;Wiosna 90
480;Mezczyzna;Rolnictwo;21000;Licencjat;Wiosna 90
481;Mezczyzna;Administracja;23000;Licencjat;Wiosna 90
482;Kobieta;Administracja;20600;Licencjat;Wiosna 90
483;Mezczyzna;Inzynieria;28300;Licencjat;Wiosna 90
484;Mezczyzna;Inzynieria;33000;Licencjat;Wiosna 90
485;Mezczyzna;Inzynieria;23000;Licencjat;Wiosna 90
486;Kobieta;Rolnictwo;30000;Licencjat;Wiosna 90
487;Mezczyzna;Administracja;29400;Licencjat;Wiosna 90
488;Mezczyzna;Rolnictwo;20000;Licencjat;Wiosna 90
489;Kobieta;Rolnictwo;20000;Licencjat;Wiosna 90
490;Mezczyzna;Rolnictwo;20000;Licencjat;Wiosna 90
491;Kobieta;Rolnictwo;30600;Licencjat;Wiosna 90
492;Kobieta;Rolnictwo;18500;Licencjat;Wiosna 90
493;Kobieta;Rolnictwo;22700;Licencjat;Wiosna 90
494;Kobieta;Rolnictwo;26500;Licencjat;Wiosna 90
495;Kobieta;Inzynieria;26000;Licencjat;Wiosna 90
496;Kobieta;Administracja;24500;Licencjat;Wiosna 90
497;Kobieta;Rolnictwo;24100;Licencjat;Wiosna 90
498;Kobieta;Rolnictwo;20200;Licencjat;Wiosna 90
499;Mezczyzna;Inzynieria;26500;Licencjat;Wiosna 90
500;Mezczyzna;Budownictwo;28800;Licencjat;Wiosna 90
501;Kobieta;Rolnictwo;15000;Licencjat;Wiosna 90
502;Mezczyzna;Administracja;23000;Licencjat;Wiosna 90
503;Kobieta;Administracja;24000;Licencjat;Wiosna 90
504;Mezczyzna;Inzynieria;21200;Licencjat;Wiosna 90
505;Kobieta;Rolnictwo;27900;Licencjat;Wiosna 90
506;Kobieta;Administracja;29000;Licencjat;Wiosna 90
507;Kobieta;Administracja;25000;Licencjat;Wiosna 90
508;Kobieta;Administracja;28000;Licencjat;Wiosna 90
509;Kobieta;Rolnictwo;30900;Licencjat;Wiosna 90
510;Mezczyzna;Inzynieria;32000;Licencjat;Wiosna 90
511;Mezczyzna;Administracja;24000;Licencjat;Wiosna 90
512;Mezczyzna;Administracja;29500;Licencjat;Wiosna 90
513;Mezczyzna;Inzynieria;31000;Licencjat;Wiosna 90
514;Kobieta;Inzynieria;26400;Licencjat;Wiosna 90
515;Mezczyzna;Inzynieria;32500;Licencjat;Wiosna 90
516;Kobieta;Administracja;23000;Licencjat;Wiosna 90
517;Kobieta;Rolnictwo;11200;Licencjat;Wiosna 90
518;Mezczyzna;Inzynieria;34200;Licencjat;Wiosna 90
519;Kobieta;Administracja;26000;Licencjat;Wiosna 90
520;Kobieta;Administracja;26000;Licencjat;Wiosna 90
521;Mezczyzna;Rolnictwo;8000;Licencjat;Wiosna 90
522;Mezczyzna;Inzynieria;33000;Licencjat;Wiosna 90
523;Kobieta;Administracja;28000;Licencjat;Wiosna 90
524;Mezczyzna;Rolnictwo;20000;Licencjat;Wiosna 90
525;Mezczyzna;Administracja;27500;Licencjat;Wiosna 90
526;Mezczyzna;Inzynieria;32000;Licencjat;Wiosna 90
527;Kobieta;Administracja;20500;Licencjat;Wiosna 90
528;Kobieta;Rolnictwo;32000;Licencjat;Wiosna 90
529;Mezczyzna;Administracja;20000;Licencjat;Wiosna 90
530;Kobieta;Rolnictwo;16500;Licencjat;Wiosna 90
531;Mezczyzna;Administracja;24000;Licencjat;Wiosna 90
532;Mezczyzna;Administracja;22000;Licencjat;Wiosna 90
533;Kobieta;Rolnictwo;28000;Licencjat;Wiosna 90
534;Kobieta;Administracja;19000;Licencjat;Wiosna 90
535;Kobieta;Inzynieria;34200;Licencjat;Wiosna 90
536;Mezczyzna;Inzynieria;29000;Licencjat;Wiosna 90
537;Mezczyzna;Rolnictwo;12000;Licencjat;Wiosna 90
538;Kobieta;Rolnictwo;24000;Licencjat;Wiosna 90
539;Mezczyzna;Administracja;27800;Licencjat;Wiosna 90
540;Mezczyzna;Inzynieria;33500;Licencjat;Wiosna 90
541;Mezczyzna;Inzynieria;33000;Licencjat;Wiosna 90
542;Mezczyzna;Inzynieria;34000;Licencjat;Wiosna 90
543;Kobieta;Rolnictwo;20000;Licencjat;Wiosna 90
544;Mezczyzna;Budownictwo;27000;Licencjat;Wiosna 90
545;Kobieta;Rolnictwo;46000;Licencjat;Wiosna 90
546;Kobieta;Rolnictwo;39000;Licencjat;Wiosna 90
547;Mezczyzna;Rolnictwo;32000;Licencjat;Wiosna 90
548;Mezczyzna;Inzynieria;33200;Licencjat;Wiosna 90
549;Kobieta;Rolnictwo;29000;Licencjat;Wiosna 90
550;Kobieta;Inzynieria;36500;Licencjat;Wiosna 90
551;Mezczyzna;Inzynieria;32000;Licencjat;Wiosna 90
552;Mezczyzna;Inzynieria;33700;Licencjat;Wiosna 90
553;Mezczyzna;Administracja;18000;Licencjat;Wiosna 90
554;Mezczyzna;Rolnictwo;28000;Licencjat;Wiosna 90
555;Mezczyzna;Budownictwo;29000;Licencjat;Wiosna 90
556;Mezczyzna;Inzynieria;26300;Licencjat;Wiosna 90
557;Kobieta;Rolnictwo;38000;Licencjat;Wiosna 90
558;Kobieta;Rolnictwo;17000;Licencjat;Wiosna 90
559;Mezczyzna;Budownictwo;28000;Licencjat;Wiosna 90
560;Mezczyzna;Rolnictwo;18000;Licencjat;Wiosna 90
561;Kobieta;Administracja;29500;Licencjat;Wiosna 90
562;Mezczyzna;Administracja;20000;Licencjat;Wiosna 90
563;Mezczyzna;Rolnictwo;24000;Licencjat;Wiosna 90
564;Kobieta;Rolnictwo;10800;Licencjat;Wiosna 90
565;Mezczyzna;Administracja;22500;Licencjat;Wiosna 90
566;Kobieta;Pedagogika;22000;Licencjat;Wiosna 90
567;Kobieta;Administracja;20600;Licencjat;Wiosna 90
568;Mezczyzna;Administracja;65500;Licencjat;Wiosna 90
569;Mezczyzna;Administracja;20500;Licencjat;Wiosna 90
570;Mezczyzna;Rolnictwo;19000;Licencjat;Wiosna 90
571;Kobieta;Architektura;17000;Licencjat;Wiosna 90
572;Mezczyzna;Inzynieria;31400;Licencjat;Wiosna 90
573;Mezczyzna;Budownictwo;28000;Licencjat;Wiosna 90
574;Kobieta;Rolnictwo;15000;Licencjat;Wiosna 90
575;Mezczyzna;Rolnictwo;27500;Licencjat;Wiosna 90
576;Mezczyzna;Rolnictwo;22300;Licencjat;Wiosna 90
577;Mezczyzna;Inzynieria;34800;Licencjat;Wiosna 90
578;Kobieta;Administracja;25000;Licencjat;Wiosna 90
579;Kobieta;Rolnictwo;25000;Licencjat;Wiosna 90
580;Mezczyzna;Inzynieria;35700;Licencjat;Wiosna 90
581;Kobieta;Budownictwo;26500;Licencjat;Wiosna 90
582;Kobieta;Rolnictwo;25000;Licencjat;Wiosna 90
583;Mezczyzna;Inzynieria;31500;Licencjat;Wiosna 90
584;Kobieta;Rolnictwo;30000;Licencjat;Wiosna 90
585;Mezczyzna;Inzynieria;30200;Licencjat;Wiosna 90
586;Mezczyzna;Inzynieria;25000;Licencjat;Wiosna 90
587;Kobieta;Rolnictwo;20000;Licencjat;Wiosna 90
588;Mezczyzna;Administracja;21000;Licencjat;Wiosna 90
589;Mezczyzna;Inzynieria;32700;Licencjat;Wiosna 90
590;Kobieta;Rolnictwo;13500;Licencjat;Wiosna 90
591;Kobieta;Rolnictwo;8400;Licencjat;Wiosna 90
592;Mezczyzna;Inzynieria;25000;Licencjat;Wiosna 90
593;Mezczyzna;Administracja;28000;Licencjat;Wiosna 90
594;Mezczyzna;Administracja;21000;Licencjat;Wiosna 90
595;Kobieta;Rolnictwo;30000;Licencjat;Wiosna 90
596;Kobieta;Rolnictwo;17000;Licencjat;Wiosna 90
597;Kobieta;Administracja;28500;Licencjat;Wiosna 90
598;Kobieta;Administracja;26000;Licencjat;Wiosna 90
599;Kobieta;Rolnictwo;24000;Licencjat;Wiosna 90
600;Mezczyzna;Rolnictwo;15000;Licencjat;Wiosna 90
601;Mezczyzna;Inzynieria;27800;Licencjat;Wiosna 90
602;Kobieta;Pedagogika;20000;Licencjat;Wiosna 90
603;Kobieta;Rolnictwo;39500;Licencjat;Wiosna 90
604;Mezczyzna;Rolnictwo;12500;Licencjat;Wiosna 90
605;Mezczyzna;Inzynieria;33900;Licencjat;Wiosna 90
606;Kobieta;Administracja;28000;Licencjat;Wiosna 90
607;Mezczyzna;Inzynieria;26000;Licencjat;Wiosna 90
608;Kobieta;Administracja;22500;Licencjat;Wiosna 90
609;Kobieta;Administracja;20000;Licencjat;Wiosna 90
610;Kobieta;Rolnictwo;27500;Licencjat;Wiosna 90
611;Kobieta;Rolnictwo;24200;Licencjat;Wiosna 90
612;Mezczyzna;Administracja;24500;Licencjat;Wiosna 90
613;Kobieta;Rolnictwo;29500;Licencjat;Wiosna 90
614;Kobieta;Rolnictwo;25000;Licencjat;Wiosna 90
615;Kobieta;Inzynieria;34200;Licencjat;Wiosna 90
616;Kobieta;Rolnictwo;23700;Licencjat;Wiosna 90
617;Mezczyzna;Rolnictwo;25700;Licencjat;Wiosna 90
618;Mezczyzna;Budownictwo;29000;Licencjat;Wiosna 90
619;Mezczyzna;Inzynieria;25200;Licencjat;Wiosna 90
620;Mezczyzna;Administracja;24000;Licencjat;Wiosna 90
621;Kobieta;Rolnictwo;30300;Licencjat;Wiosna 90
622;Kobieta;Rolnictwo;20000;Licencjat;Wiosna 90
623;Kobieta;Rolnictwo;22000;Licencjat;Wiosna 90
624;Kobieta;Administracja;20000;Licencjat;Wiosna 90
625;Kobieta;Administracja;24000;Licencjat;Wiosna 90
626;Kobieta;Administracja;28500;Licencjat;Wiosna 90
627;Mezczyzna;Inzynieria;21200;Licencjat;Wiosna 90
628;Kobieta;Rolnictwo;31600;Licencjat;Wiosna 90
629;Mezczyzna;Administracja;27000;Licencjat;Wiosna 90
630;Mezczyzna;Administracja;50000;Licencjat;Wiosna 90
631;Mezczyzna;Inzynieria;8600;Licencjat;Wiosna 90
632;Mezczyzna;Administracja;28000;Licencjat;Wiosna 90
633;Mezczyzna;Inzynieria;28800;Licencjat;Wiosna 90
634;Mezczyzna;Administracja;25000;Licencjat;Wiosna 90
635;Kobieta;Rolnictwo;21700;Licencjat;Wiosna 90
636;Kobieta;Administracja;30000;Licencjat;Wiosna 90
637;Mezczyzna;Administracja;25000;Licencjat;Wiosna 90
638;Mezczyzna;Rolnictwo;18000;Licencjat;Wiosna 90
639;Kobieta;Administracja;21000;Licencjat;Wiosna 90
640;Kobieta;Pedagogika;11000;Licencjat;Wiosna 90
641;Mezczyzna;Administracja;22000;Licencjat;Wiosna 90
642;Kobieta;Rolnictwo;26200;Licencjat;Wiosna 90
643;Mezczyzna;Inzynieria;34500;Licencjat;Wiosna 90
644;Kobieta;Rolnictwo;24000;Licencjat;Wiosna 90
645;Mezczyzna;Administracja;20500;Licencjat;Wiosna 90
646;Mezczyzna;Rolnictwo;20000;Licencjat;Wiosna 90
647;Mezczyzna;Inzynieria;32100;Licencjat;Wiosna 90
648;Mezczyzna;Inzynieria;32600;Licencjat;Wiosna 90
649;Mezczyzna;Inzynieria;31500;Licencjat;Wiosna 90
650;Kobieta;Rolnictwo;9000;Licencjat;Wiosna 90
651;Kobieta;Rolnictwo;22000;Licencjat;Wiosna 90
652;Kobieta;Rolnictwo;24000;Licencjat;Wiosna 90
653;Kobieta;Inzynieria;33200;Licencjat;Wiosna 90
654;Kobieta;Rolnictwo;11500;Licencjat;Jesien 90
655;Mezczyzna;Inzynieria;32500;Licencjat;Jesien 90
656;Kobieta;Administracja;29500;Licencjat;Jesien 90
657;Mezczyzna;Inzynieria;32000;Licencjat;Jesien 90
658;Mezczyzna;Administracja;24500;Licencjat;Jesien 90
659;Kobieta;Rolnictwo;25000;Licencjat;Jesien 90
660;Kobieta;Administracja;13000;Licencjat;Jesien 90
661;Kobieta;Rolnictwo;20000;Licencjat;Jesien 90
662;Mezczyzna;Inzynieria;31500;Licencjat;Jesien 90
663;Kobieta;Rolnictwo;49000;Licencjat;Jesien 90
664;Kobieta;Inzynieria;32600;Licencjat;Jesien 90
665;Mezczyzna;Rolnictwo;21500;Licencjat;Jesien 90
666;Mezczyzna;Rolnictwo;16000;Licencjat;Jesien 90
667;Kobieta;Rolnictwo;21000;Licencjat;Jesien 90
668;Mezczyzna;Administracja;20000;Licencjat;Jesien 90
669;Mezczyzna;Budownictwo;26300;Licencjat;Jesien 90
670;Kobieta;Rolnictwo;30000;Licencjat;Jesien 90
671;Mezczyzna;Rolnictwo;22300;Licencjat;Jesien 90
672;Mezczyzna;Rolnictwo;17400;Licencjat;Jesien 90
673;Kobieta;Rolnictwo;30000;Licencjat;Jesien 90
674;Kobieta;Rolnictwo;31000;Licencjat;Jesien 90
675;Mezczyzna;Administracja;21000;Licencjat;Jesien 90
676;Kobieta;Rolnictwo;27000;Licencjat;Jesien 90
677;Mezczyzna;Budownictwo;17000;Licencjat;Jesien 90
678;Mezczyzna;Administracja;25000;Licencjat;Jesien 90
679;Mezczyzna;Rolnictwo;20000;Licencjat;Jesien 90
680;Mezczyzna;Administracja;15000;Licencjat;Jesien 90
681;Mezczyzna;Inzynieria;35000;Licencjat;Jesien 90
682;Kobieta;Administracja;21000;Licencjat;Jesien 90
683;Mezczyzna;Administracja;26200;Licencjat;Jesien 90
684;Kobieta;Rolnictwo;38000;Licencjat;Jesien 90
685;Kobieta;Administracja;29000;Licencjat;Jesien 90
686;Mezczyzna;Inzynieria;18000;Licencjat;Jesien 90
687;Mezczyzna;Inzynieria;19000;Licencjat;Jesien 90
688;Mezczyzna;Rolnictwo;40000;Licencjat;Jesien 90
689;Kobieta;Rolnictwo;25000;Licencjat;Jesien 90
690;Mezczyzna;Rolnictwo;31000;Licencjat;Jesien 90
691;Kobieta;Administracja;22500;Licencjat;Jesien 90
692;Mezczyzna;Inzynieria;33700;Licencjat;Jesien 90
693;Kobieta;Administracja;20000;Licencjat;Jesien 90
694;Mezczyzna;Administracja;22800;Licencjat;Jesien 90
695;Mezczyzna;Administracja;30000;Licencjat;Jesien 90
696;Mezczyzna;Administracja;23000;Licencjat;Jesien 90
697;Mezczyzna;Administracja;28000;Licencjat;Jesien 90
698;Mezczyzna;Administracja;20000;Licencjat;Jesien 90
699;Mezczyzna;Inzynieria;38400;Licencjat;Jesien 90
700;Kobieta;Rolnictwo;37500;Licencjat;Jesien 90
701;Mezczyzna;Inzynieria;38400;Licencjat;Jesien 90
702;Kobieta;Inzynieria;31000;Licencjat;Jesien 90
703;Mezczyzna;Administracja;26000;Licencjat;Jesien 90
704;Kobieta;Rolnictwo;15000;Licencjat;Jesien 90
705;Mezczyzna;Rolnictwo;21000;Licencjat;Jesien 90
706;Mezczyzna;Administracja;25000;Licencjat;Jesien 90
707;Kobieta;Rolnictwo;20000;Licencjat;Jesien 90
708;Mezczyzna;Rolnictwo;22000;Licencjat;Jesien 90
709;Mezczyzna;Rolnictwo;19200;Licencjat;Jesien 90
710;Kobieta;Rolnictwo;26000;Licencjat;Jesien 90
711;Mezczyzna;Rolnictwo;20500;Licencjat;Jesien 90
712;Kobieta;Rolnictwo;23000;Licencjat;Jesien 90
713;Kobieta;Administracja;30000;Licencjat;Jesien 90
714;Mezczyzna;Rolnictwo;31000;Licencjat;Jesien 90
715;Mezczyzna;Administracja;23500;Licencjat;Jesien 90
716;Mezczyzna;Inzynieria;29300;Licencjat;Jesien 90
717;Mezczyzna;Budownictwo;29500;Licencjat;Jesien 90
718;Kobieta;Rolnictwo;31600;Licencjat;Jesien 90
719;Mezczyzna;Inzynieria;26000;Licencjat;Jesien 90
720;Kobieta;Rolnictwo;18000;Licencjat;Jesien 90
721;Kobieta;Rolnictwo;24000;Licencjat;Jesien 90
722;Mezczyzna;Rolnictwo;30000;Licencjat;Jesien 90
723;Kobieta;Rolnictwo;17200;Licencjat;Jesien 90
724;Mezczyzna;Inzynieria;18000;Licencjat;Jesien 90
725;Mezczyzna;Budownictwo;28600;Licencjat;Jesien 90
726;Mezczyzna;Inzynieria;35200;Licencjat;Jesien 90
727;Kobieta;Administracja;27000;Licencjat;Jesien 90
728;Kobieta;Rolnictwo;26500;Licencjat;Jesien 90
729;Kobieta;Rolnictwo;32000;Licencjat;Jesien 90
730;Mezczyzna;Rolnictwo;31200;Licencjat;Jesien 90
731;Mezczyzna;Administracja;30000;Licencjat;Jesien 90
732;Kobieta;Rolnictwo;30000;Licencjat;Jesien 90
733;Mezczyzna;Inzynieria;32000;Licencjat;Jesien 90
734;Mezczyzna;Administracja;30000;Licencjat;Jesien 90
735;Kobieta;Administracja;29000;Licencjat;Jesien 90
736;Mezczyzna;Inzynieria;37200;Licencjat;Jesien 90
737;Kobieta;Rolnictwo;23000;Licencjat;Jesien 90
738;Kobieta;Rolnictwo;21000;Licencjat;Jesien 90
739;Mezczyzna;Rolnictwo;21000;Licencjat;Jesien 90
740;Mezczyzna;Inzynieria;38200;Licencjat;Jesien 90
741;Kobieta;Rolnictwo;40000;Licencjat;Jesien 90
742;Kobieta;Administracja;23000;Licencjat;Jesien 90
743;Mezczyzna;Inzynieria;18900;Licencjat;Jesien 90
744;Kobieta;Rolnictwo;12000;Licencjat;Jesien 90
745;Mezczyzna;Budownictwo;31200;Licencjat;Jesien 90
746;Mezczyzna;Inzynieria;22000;Licencjat;Jesien 90
747;Mezczyzna;Inzynieria;37100;Licencjat;Jesien 90
748;Kobieta;Rolnictwo;22000;Licencjat;Jesien 90
749;Kobieta;Rolnictwo;27500;Licencjat;Jesien 90
750;Mezczyzna;Administracja;30000;Licencjat;Jesien 90
751;Kobieta;Rolnictwo;34000;Licencjat;Jesien 90
752;Kobieta;Administracja;21000;Licencjat;Jesien 90
753;Kobieta;Rolnictwo;40000;Licencjat;Jesien 90
754;Kobieta;Rolnictwo;29000;Licencjat;Jesien 90
755;Mezczyzna;Rolnictwo;40000;Licencjat;Jesien 90
756;Kobieta;Administracja;20000;Licencjat;Jesien 90
757;Mezczyzna;Administracja;29000;Licencjat;Jesien 90
758;Mezczyzna;Budownictwo;32100;Licencjat;Jesien 90
759;Mezczyzna;Rolnictwo;21100;Licencjat;Jesien 90
760;Mezczyzna;Inzynieria;34900;Licencjat;Jesien 90
761;Mezczyzna;Inzynieria;26000;Licencjat;Jesien 90
762;Kobieta;Administracja;18000;Licencjat;Jesien 90
763;Kobieta;Administracja;26000;Licencjat;Jesien 90
764;Mezczyzna;Administracja;25000;Licencjat;Jesien 90
765;Mezczyzna;Administracja;60000;Licencjat;Jesien 90
766;Mezczyzna;Administracja;29400;Licencjat;Jesien 90
767;Kobieta;Administracja;23000;Licencjat;Jesien 90
768;Mezczyzna;Rolnictwo;35000;Licencjat;Jesien 90
769;Mezczyzna;Administracja;29000;Licencjat;Jesien 90
770;Kobieta;Rolnictwo;32000;Licencjat;Jesien 90
771;Mezczyzna;Inzynieria;34300;Licencjat;Jesien 90
772;Mezczyzna;Administracja;25000;Licencjat;Jesien 90
773;Mezczyzna;Administracja;20000;Licencjat;Jesien 90
774;Mezczyzna;Inzynieria;32000;Licencjat;Jesien 90
775;Kobieta;Inzynieria;33800;Licencjat;Jesien 90
776;Mezczyzna;Inzynieria;27200;Licencjat;Jesien 90
777;Mezczyzna;Administracja;25000;Licencjat;Jesien 90
778;Kobieta;Rolnictwo;20000;Licencjat;Jesien 90
779;Mezczyzna;Inzynieria;33000;Licencjat;Jesien 90
780;Kobieta;Administracja;23000;Licencjat;Jesien 90
781;Kobieta;Administracja;22000;Licencjat;Jesien 90
782;Kobieta;Inzynieria;35900;Licencjat;Jesien 90
783;Kobieta;Rolnictwo;10000;Licencjat;Jesien 90
784;Mezczyzna;Budownictwo;29000;Licencjat;Jesien 90
785;Kobieta;Administracja;19500;Licencjat;Jesien 90
786;Kobieta;Rolnictwo;20000;Licencjat;Jesien 90
787;Mezczyzna;Inzynieria;30000;Licencjat;Jesien 90
788;Mezczyzna;Inzynieria;40000;Licencjat;Jesien 90
789;Mezczyzna;Inzynieria;34200;Licencjat;Jesien 90
790;Kobieta;Rolnictwo;28000;Licencjat;Jesien 90
791;Kobieta;Administracja;20000;Licencjat;Jesien 90
792;Mezczyzna;Inzynieria;34500;Licencjat;Jesien 90
793;Kobieta;Rolnictwo;15000;Licencjat;Jesien 90
794;Mezczyzna;Rolnictwo;22000;Licencjat;Jesien 90
795;Mezczyzna;Rolnictwo;30000;Licencjat;Jesien 90
796;Kobieta;Administracja;23000;Licencjat;Jesien 90
797;Kobieta;Rolnictwo;17000;Licencjat;Jesien 90
798;Kobieta;Inzynieria;33600;Licencjat;Jesien 90
799;Kobieta;Rolnictwo;17900;Licencjat;Jesien 90
800;Mezczyzna;Administracja;42000;Licencjat;Jesien 90
801;Mezczyzna;Inzynieria;31100;Licencjat;Jesien 90
802;Mezczyzna;Rolnictwo;23000;Licencjat;Jesien 90
803;Mezczyzna;Administracja;28500;Licencjat;Jesien 90
804;Mezczyzna;Inzynieria;31600;Licencjat;Jesien 90
805;Mezczyzna;Administracja;23500;Licencjat;Jesien 90
806;Kobieta;Rolnictwo;16000;Licencjat;Jesien 90
807;Mezczyzna;Administracja;26400;Licencjat;Jesien 90
808;Mezczyzna;Administracja;21000;Licencjat;Jesien 90
809;Mezczyzna;Administracja;20000;Licencjat;Jesien 90
810;Mezczyzna;Administracja;27500;Licencjat;Jesien 90
811;Mezczyzna;Administracja;32800;Licencjat;Jesien 90
812;Kobieta;Rolnictwo;16600;Licencjat;Jesien 90
813;Kobieta;Rolnictwo;30000;Licencjat;Jesien 90
814;Mezczyzna;Administracja;23000;Licencjat;Jesien 90
815;Mezczyzna;Rolnictwo;17000;Licencjat;Jesien 90
816;Kobieta;Administracja;20000;Licencjat;Jesien 90
817;Kobieta;Pedagogika;20000;Licencjat;Jesien 90
818;Kobieta;Administracja;20000;Licencjat;Jesien 90
819;Kobieta;Rolnictwo;19000;Licencjat;Jesien 90
820;Mezczyzna;Inzynieria;26000;Licencjat;Jesien 90
821;Mezczyzna;Administracja;21000;Licencjat;Jesien 90
822;Kobieta;Inzynieria;34100;Licencjat;Jesien 90
823;Mezczyzna;Inzynieria;31800;Licencjat;Jesien 90
824;Kobieta;Administracja;24000;Licencjat;Jesien 90
825;Kobieta;Administracja;23000;Licencjat;Jesien 90
826;Mezczyzna;Administracja;24000;Licencjat;Jesien 90
827;Mezczyzna;Administracja;21700;Licencjat;Jesien 90
828;Mezczyzna;Administracja;25500;Licencjat;Jesien 90
829;Mezczyzna;Administracja;27000;Licencjat;Jesien 90
830;Kobieta;Administracja;23000;Licencjat;Jesien 90
831;Mezczyzna;Administracja;20000;Licencjat;Jesien 90
832;Mezczyzna;Rolnictwo;20000;Licencjat;Jesien 90
833;Mezczyzna;Administracja;24000;Licencjat;Jesien 90
834;Mezczyzna;Inzynieria;26000;Licencjat;Jesien 90
835;Mezczyzna;Budownictwo;42000;Licencjat;Jesien 90
836;Mezczyzna;Administracja;23000;Licencjat;Jesien 90
837;Mezczyzna;Administracja;20000;Licencjat;Jesien 90
838;Mezczyzna;Inzynieria;28000;Licencjat;Jesien 90
839;Kobieta;Administracja;21000;Licencjat;Jesien 90
840;Mezczyzna;Administracja;27000;Licencjat;Jesien 90
841;Mezczyzna;Administracja;30200;Licencjat;Jesien 90
842;Mezczyzna;Rolnictwo;18000;Licencjat;Jesien 90
843;Kobieta;Administracja;31500;Licencjat;Jesien 90
844;Kobieta;Administracja;18000;Licencjat;Jesien 90
845;Mezczyzna;Administracja;17000;Licencjat;Jesien 90
846;Kobieta;Rolnictwo;21000;Licencjat;Jesien 90
847;Kobieta;Rolnictwo;20000;Licencjat;Jesien 90
848;Mezczyzna;Administracja;26500;Licencjat;Jesien 90
849;Kobieta;Administracja;29500;Licencjat;Jesien 90
850;Kobieta;Administracja;20000;Licencjat;Jesien 90
851;Kobieta;Rolnictwo;27000;Licencjat;Jesien 90
852;Kobieta;Administracja;23000;Licencjat;Jesien 90
853;Mezczyzna;Inzynieria;32000;Licencjat;Jesien 90
854;Mezczyzna;Administracja;20000;Licencjat;Jesien 90
855;Mezczyzna;Administracja;20000;Licencjat;Jesien 90
856;Mezczyzna;Inzynieria;32900;Licencjat;Jesien 90
857;Kobieta;Pedagogika;21000;Licencjat;Jesien 90
858;Mezczyzna;Administracja;25000;Licencjat;Jesien 90
859;Kobieta;Inzynieria;34200;Licencjat;Jesien 90
860;Mezczyzna;Inzynieria;33700;Licencjat;Jesien 90
861;Mezczyzna;Inzynieria;22000;Licencjat;Jesien 90
862;Mezczyzna;Administracja;26500;Licencjat;Jesien 90
863;Kobieta;Rolnictwo;21000;Licencjat;Jesien 90
864;Kobieta;Inzynieria;32500;Licencjat;Jesien 90
865;Mezczyzna;Inzynieria;34500;Licencjat;Jesien 90
866;Kobieta;Administracja;23000;Licencjat;Jesien 90
867;Kobieta;Administracja;24000;Licencjat;Jesien 90
868;Mezczyzna;Administracja;20000;Licencjat;Jesien 90
869;Kobieta;Rolnictwo;16500;Licencjat;Jesien 90
870;Mezczyzna;Rolnictwo;33800;Licencjat;Jesien 90
871;Mezczyzna;Administracja;28000;Licencjat;Jesien 90
872;Kobieta;Rolnictwo;15600;Licencjat;Jesien 90
873;Mezczyzna;Rolnictwo;26000;Licencjat;Jesien 90
874;Mezczyzna;Inzynieria;33700;Licencjat;Jesien 90
875;Kobieta;Administracja;30800;Licencjat;Jesien 90
876;Kobieta;Rolnictwo;27500;Licencjat;Jesien 90
877;Mezczyzna;Administracja;29000;Licencjat;Jesien 90
878;Mezczyzna;Inzynieria;22000;Licencjat;Wiosna 91
879;Mezczyzna;Inzynieria;34500;Licencjat;Wiosna 91
880;Mezczyzna;Inzynieria;30000;Licencjat;Wiosna 91
881;Kobieta;Rolnictwo;35300;Licencjat;Wiosna 91
882;Mezczyzna;Administracja;28500;Licencjat;Wiosna 91
883;Mezczyzna;Rolnictwo;22000;Licencjat;Wiosna 91
884;Mezczyzna;Rolnictwo;18000;Licencjat;Wiosna 91
885;Mezczyzna;Administracja;23000;Licencjat;Wiosna 91
886;Kobieta;Rolnictwo;33000;Licencjat;Wiosna 91
887;Kobieta;Rolnictwo;24000;Licencjat;Wiosna 91
888;Mezczyzna;Administracja;20000;Licencjat;Wiosna 91
889;Mezczyzna;Budownictwo;27000;Licencjat;Wiosna 91
890;Mezczyzna;Budownictwo;26000;Licencjat;Wiosna 91
891;Mezczyzna;Rolnictwo;30000;Licencjat;Wiosna 91
892;Mezczyzna;Rolnictwo;20000;Licencjat;Wiosna 91
893;Kobieta;Rolnictwo;25000;Licencjat;Wiosna 91
894;Kobieta;Rolnictwo;27500;Licencjat;Wiosna 91
895;Kobieta;Inzynieria;30000;Licencjat;Wiosna 91
896;Mezczyzna;Inzynieria;27400;Licencjat;Wiosna 91
897;Mezczyzna;Rolnictwo;18000;Licencjat;Wiosna 91
898;Mezczyzna;Inzynieria;38000;Licencjat;Wiosna 91
899;Mezczyzna;Rolnictwo;25000;Licencjat;Wiosna 91
900;Mezczyzna;Inzynieria;23100;Licencjat;Wiosna 91
901;Mezczyzna;Administracja;22400;Licencjat;Wiosna 91
902;Mezczyzna;Inzynieria;38000;Licencjat;Wiosna 91
903;Mezczyzna;Inzynieria;35900;Licencjat;Wiosna 91
904;Kobieta;Rolnictwo;21000;Licencjat;Wiosna 91
905;Kobieta;Rolnictwo;26000;Licencjat;Wiosna 91
906;Mezczyzna;Inzynieria;33000;Licencjat;Wiosna 91
907;Mezczyzna;Inzynieria;23000;Licencjat;Wiosna 91
908;Mezczyzna;Inzynieria;26500;Licencjat;Wiosna 91
909;Kobieta;Inzynieria;31200;Licencjat;Wiosna 91
910;Kobieta;Administracja;22000;Licencjat;Wiosna 91
911;Mezczyzna;Rolnictwo;28000;Licencjat;Wiosna 91
912;Kobieta;Rolnictwo;25000;Licencjat;Wiosna 91
913;Kobieta;Rolnictwo;23000;Licencjat;Wiosna 91
914;Kobieta;Rolnictwo;31000;Licencjat;Wiosna 91
915;Mezczyzna;Rolnictwo;51500;Licencjat;Wiosna 91
916;Mezczyzna;Rolnictwo;20000;Licencjat;Wiosna 91
917;Mezczyzna;Rolnictwo;31000;Licencjat;Wiosna 91
918;Kobieta;Rolnictwo;12000;Licencjat;Wiosna 91
919;Mezczyzna;Rolnictwo;18000;Licencjat;Wiosna 91
920;Kobieta;Rolnictwo;25000;Licencjat;Wiosna 91
921;Kobieta;Rolnictwo;20000;Licencjat;Wiosna 91
922;Kobieta;Rolnictwo;29100;Licencjat;Wiosna 91
923;Kobieta;Rolnictwo;17500;Licencjat;Wiosna 91
924;Mezczyzna;Rolnictwo;19500;Licencjat;Wiosna 91
925;Kobieta;Rolnictwo;48000;Licencjat;Wiosna 91
926;Mezczyzna;Inzynieria;36700;Licencjat;Wiosna 91
927;Mezczyzna;Rolnictwo;12000;Licencjat;Wiosna 91
928;Kobieta;Rolnictwo;33000;Licencjat;Wiosna 91
929;Kobieta;Administracja;24600;Licencjat;Wiosna 91
930;Mezczyzna;Architektura;35000;Licencjat;Wiosna 91
931;Mezczyzna;Administracja;20000;Licencjat;Wiosna 91
932;Mezczyzna;Inzynieria;41500;Licencjat;Wiosna 91
933;Kobieta;Rolnictwo;21000;Licencjat;Wiosna 91
934;Kobieta;Rolnictwo;18000;Licencjat;Wiosna 91
935;Mezczyzna;Inzynieria;27300;Licencjat;Wiosna 91
936;Mezczyzna;Inzynieria;35500;Licencjat;Wiosna 91
937;Mezczyzna;Administracja;31500;Licencjat;Wiosna 91
938;Kobieta;Administracja;24000;Licencjat;Wiosna 91
939;Mezczyzna;Inzynieria;37500;Licencjat;Wiosna 91
940;Kobieta;Rolnictwo;25000;Licencjat;Wiosna 91
941;Mezczyzna;Architektura;20000;Licencjat;Wiosna 91
942;Mezczyzna;Administracja;23000;Licencjat;Wiosna 91
943;Mezczyzna;Inzynieria;30000;Licencjat;Wiosna 91
944;Mezczyzna;Inzynieria;32000;Licencjat;Wiosna 91
945;Kobieta;Inzynieria;33000;Licencjat;Wiosna 91
946;Mezczyzna;Rolnictwo;27000;Licencjat;Wiosna 91
947;Mezczyzna;Inzynieria;36200;Licencjat;Wiosna 91
948;Mezczyzna;Rolnictwo;22000;Licencjat;Wiosna 91
949;Mezczyzna;Inzynieria;27000;Licencjat;Wiosna 91
950;Mezczyzna;Administracja;26500;Licencjat;Wiosna 91
951;Kobieta;Rolnictwo;23000;Licencjat;Wiosna 91
952;Mezczyzna;Rolnictwo;10400;Licencjat;Wiosna 91
953;Mezczyzna;Inzynieria;30000;Licencjat;Wiosna 91
954;Kobieta;Rolnictwo;22000;Licencjat;Wiosna 91
955;Mezczyzna;Inzynieria;26000;Licencjat;Wiosna 91
956;Mezczyzna;Inzynieria;38800;Licencjat;Wiosna 91
957;Mezczyzna;Administracja;23500;Licencjat;Wiosna 91
958;Kobieta;Rolnictwo;21000;Licencjat;Wiosna 91
959;Kobieta;Rolnictwo;20000;Licencjat;Wiosna 91
960;Kobieta;Rolnictwo;12200;Licencjat;Wiosna 91
961;Kobieta;Administracja;20000;Licencjat;Wiosna 91
962;Kobieta;Rolnictwo;33000;Licencjat;Wiosna 91
963;Kobieta;Rolnictwo;25000;Licencjat;Wiosna 91
964;Mezczyzna;Inzynieria;25000;Licencjat;Wiosna 91
965;Mezczyzna;Budownictwo;24000;Licencjat;Wiosna 91
966;Mezczyzna;Inzynieria;34200;Licencjat;Wiosna 91
967;Kobieta;Rolnictwo;52000;Licencjat;Wiosna 91
968;Mezczyzna;Inzynieria;35000;Licencjat;Wiosna 91
969;Mezczyzna;Inzynieria;30000;Licencjat;Wiosna 91
970;Kobieta;Rolnictwo;7200;Licencjat;Wiosna 91
971;Mezczyzna;Rolnictwo;17000;Licencjat;Wiosna 91
972;Kobieta;Rolnictwo;24000;Licencjat;Wiosna 91
973;Mezczyzna;Administracja;25000;Licencjat;Wiosna 91
974;Mezczyzna;Inzynieria;36000;Licencjat;Wiosna 91
975;Mezczyzna;Rolnictwo;20000;Licencjat;Wiosna 91
976;Mezczyzna;Rolnictwo;43000;Licencjat;Wiosna 91
977;Kobieta;Rolnictwo;28000;Licencjat;Wiosna 91
978;Kobieta;Administracja;24000;Licencjat;Wiosna 91
979;Kobieta;Rolnictwo;30000;Licencjat;Wiosna 91
980;Kobieta;Rolnictwo;30000;Licencjat;Wiosna 91
981;Kobieta;Rolnictwo;26400;Licencjat;Wiosna 91
982;Mezczyzna;Architektura;22000;Licencjat;Wiosna 91
983;Kobieta;Rolnictwo;24000;Licencjat;Wiosna 91
984;Mezczyzna;Budownictwo;33800;Licencjat;Wiosna 91
985;Kobieta;Rolnictwo;35000;Licencjat;Wiosna 91
986;Kobieta;Administracja;20000;Licencjat;Wiosna 91
987;Mezczyzna;Sztuki piekne;26000;Licencjat;Wiosna 91
988;Kobieta;Rolnictwo;36000;Licencjat;Wiosna 91
989;Mezczyzna;Administracja;21000;Licencjat;Wiosna 91
990;Kobieta;Rolnictwo;26000;Licencjat;Wiosna 91
991;Mezczyzna;Administracja;29600;Licencjat;Wiosna 91
992;Kobieta;Administracja;26000;Licencjat;Wiosna 91
993;Kobieta;Rolnictwo;26000;Licencjat;Wiosna 91
994;Kobieta;Rolnictwo;26000;Licencjat;Wiosna 91
995;Kobieta;Inzynieria;34500;Licencjat;Wiosna 91
996;Mezczyzna;Inzynieria;34000;Licencjat;Wiosna 91
997;Kobieta;Administracja;24000;Licencjat;Wiosna 91
998;Kobieta;Rolnictwo;18000;Licencjat;Wiosna 91
999;Kobieta;Administracja;26000;Licencjat;Wiosna 91
1000;Mezczyzna;Inzynieria;27000;Licencjat;Wiosna 91
1001;Kobieta;Rolnictwo;27000;Licencjat;Wiosna 91
1002;Kobieta;Rolnictwo;38000;Licencjat;Wiosna 91
1003;Mezczyzna;Rolnictwo;43000;Licencjat;Wiosna 91
1004;Kobieta;Rolnictwo;32000;Licencjat;Wiosna 91
1005;Mezczyzna;Inzynieria;38300;Licencjat;Wiosna 91
1006;Mezczyzna;Rolnictwo;32000;Licencjat;Wiosna 91
1007;Kobieta;Rolnictwo;51000;Licencjat;Wiosna 91
1008;Kobieta;Rolnictwo;45000;Licencjat;Wiosna 91
1009;Mezczyzna;Administracja;25000;Licencjat;Wiosna 91
1010;Kobieta;Rolnictwo;23000;Licencjat;Wiosna 91
1011;Kobieta;Rolnictwo;26000;Licencjat;Wiosna 91
1012;Mezczyzna;Administracja;23000;Licencjat;Wiosna 91
1013;Kobieta;Rolnictwo;17000;Licencjat;Wiosna 91
1014;Mezczyzna;Administracja;19000;Licencjat;Wiosna 91
1015;Mezczyzna;Rolnictwo;33000;Licencjat;Wiosna 91
1016;Kobieta;Administracja;18000;Licencjat;Wiosna 91
1017;Kobieta;Administracja;31600;Licencjat;Wiosna 91
1018;Mezczyzna;Administracja;30000;Licencjat;Wiosna 91
1019;Mezczyzna;Rolnictwo;22000;Licencjat;Wiosna 91
1020;Mezczyzna;Inzynieria;40500;Licencjat;Wiosna 91
1021;Kobieta;Inzynieria;32000;Licencjat;Wiosna 91
1022;Kobieta;Rolnictwo;13000;Licencjat;Wiosna 91
1023;Kobieta;Inzynieria;35200;Licencjat;Wiosna 91
1024;Mezczyzna;Budownictwo;27500;Licencjat;Wiosna 91
1025;Mezczyzna;Rolnictwo;24000;Licencjat;Wiosna 91
1026;Kobieta;Administracja;26000;Licencjat;Wiosna 91
1027;Kobieta;Rolnictwo;24400;Licencjat;Wiosna 91
1028;Mezczyzna;Administracja;23000;Licencjat;Wiosna 91
1029;Mezczyzna;Budownictwo;26500;Licencjat;Wiosna 91
1030;Mezczyzna;Administracja;23000;Licencjat;Wiosna 91
1031;Kobieta;Rolnictwo;26000;Licencjat;Wiosna 91
1032;Mezczyzna;Inzynieria;22700;Licencjat;Wiosna 91
1033;Mezczyzna;Administracja;22500;Licencjat;Wiosna 91
1034;Kobieta;Administracja;30000;Licencjat;Wiosna 91
1035;Kobieta;Rolnictwo;9000;Licencjat;Wiosna 91
1036;Mezczyzna;Rolnictwo;27000;Licencjat;Wiosna 91
1037;Kobieta;Rolnictwo;35000;Licencjat;Wiosna 91
1038;Kobieta;Rolnictwo;26000;Licencjat;Wiosna 91
1039;Mezczyzna;Inzynieria;21900;Licencjat;Wiosna 91
1040;Kobieta;Rolnictwo;26000;Licencjat;Wiosna 91
1041;Mezczyzna;Administracja;30000;Licencjat;Wiosna 91
1042;Mezczyzna;Inzynieria;33000;Licencjat;Wiosna 91
1043;Mezczyzna;Inzynieria;40400;Licencjat;Wiosna 91
1044;Kobieta;Rolnictwo;31700;Licencjat;Wiosna 91
1045;Kobieta;Rolnictwo;20000;Licencjat;Wiosna 91
1046;Mezczyzna;Inzynieria;37000;Licencjat;Wiosna 91
1047;Mezczyzna;Inzynieria;30000;Licencjat;Wiosna 91
1048;Mezczyzna;Inzynieria;36500;Licencjat;Wiosna 91
1049;Kobieta;Administracja;23000;Licencjat;Wiosna 91
1050;Mezczyzna;Rolnictwo;21000;Licencjat;Wiosna 91
1051;Kobieta;Rolnictwo;19000;Licencjat;Wiosna 91
1052;Kobieta;Rolnictwo;30000;Licencjat;Wiosna 91
1053;Mezczyzna;Rolnictwo;18000;Licencjat;Wiosna 91
1054;Mezczyzna;Inzynieria;38400;Licencjat;Wiosna 91
1055;Mezczyzna;Administracja;20000;Licencjat;Wiosna 91
1056;Mezczyzna;Inzynieria;24000;Licencjat;Wiosna 91
1057;Kobieta;Inzynieria;34000;Licencjat;Wiosna 91
1058;Kobieta;Administracja;26000;Licencjat;Wiosna 91
1059;Kobieta;Rolnictwo;23500;Licencjat;Wiosna 91
1060;Kobieta;Administracja;21000;Licencjat;Wiosna 91
1061;Mezczyzna;Administracja;28000;Licencjat;Wiosna 91
1062;Mezczyzna;Inzynieria;35500;Licencjat;Wiosna 91
1063;Mezczyzna;Inzynieria;20000;Licencjat;Wiosna 91
1064;Mezczyzna;Administracja;30000;Licencjat;Wiosna 91
1065;Kobieta;Rolnictwo;30000;Licencjat;Wiosna 91
1066;Kobieta;Inzynieria;34000;Licencjat;Wiosna 91
1067;Mezczyzna;Rolnictwo;33000;Licencjat;Wiosna 91
1068;Kobieta;Rolnictwo;27000;Licencjat;Wiosna 91
1069;Kobieta;Administracja;27000;Licencjat;Wiosna 91
1070;Mezczyzna;Inzynieria;33000;Licencjat;Wiosna 91
1071;Mezczyzna;Administracja;30200;Licencjat;Wiosna 91
1072;Kobieta;Administracja;21500;Licencjat;Wiosna 91
1073;Kobieta;Administracja;23500;Licencjat;Wiosna 91
1074;Mezczyzna;Rolnictwo;13000;Licencjat;Wiosna 91
1075;Kobieta;Rolnictwo;33000;Licencjat;Wiosna 91
1076;Mezczyzna;Administracja;28000;Licencjat;Wiosna 91
1077;Mezczyzna;Inzynieria;35800;Licencjat;Wiosna 91
1078;Mezczyzna;Rolnictwo;23000;Licencjat;Wiosna 91
1079;Mezczyzna;Administracja;25500;Licencjat;Wiosna 91
1080;Mezczyzna;Rolnictwo;22500;Licencjat;Wiosna 91
1081;Kobieta;Rolnictwo;15400;Licencjat;Wiosna 91
1082;Kobieta;Rolnictwo;24000;Licencjat;Wiosna 91
1083;Kobieta;Rolnictwo;27000;Licencjat;Wiosna 91
1084;Kobieta;Rolnictwo;25000;Licencjat;Wiosna 91
1085;Kobieta;Rolnictwo;21000;Licencjat;Wiosna 91
1086;Mezczyzna;Administracja;33000;Licencjat;Wiosna 91
1087;Mezczyzna;Administracja;23000;Licencjat;Wiosna 91
1088;Mezczyzna;Rolnictwo;35000;Licencjat;Wiosna 91
1089;Kobieta;Rolnictwo;8000;Licencjat;Wiosna 91
1090;Kobieta;Rolnictwo;21000;Licencjat;Wiosna 91
1091;Kobieta;Rolnictwo;19500;Licencjat;Wiosna 91
1092;Kobieta;Administracja;22000;Licencjat;Wiosna 91
1093;Kobieta;Rolnictwo;20000;Licencjat;Wiosna 91
1094;Mezczyzna;Rolnictwo;24000;Licencjat;Wiosna 91
1095;Mezczyzna;Rolnictwo;13500;Licencjat;Wiosna 91
1096;Kobieta;Administracja;28700;Licencjat;Wiosna 91
1097;Mezczyzna;Rolnictwo;15000;Licencjat;Wiosna 91
1098;Kobieta;Pedagogika;17000;Licencjat;Wiosna 91
1099;Kobieta;Rolnictwo;20000;Licencjat;Wiosna 91
1100;Kobieta;Administracja;28000;Licencjat;Wiosna 91
